Game#,Date,Arena,Away Team,Away Score,Home Team,Home Score,Away Division,Home Division,Game Type
,20-Sep-26,KCI Starbucks Rink,The Axolotls,3,Maelstrom,1,Division 10,Division 10,REG
,20-Sep-26,Olympic View Arena,Banana Blades,5,Galactic Penguins,0,Division 10,Division 10,REG
,20-Sep-26,Kent Valley Ice Centre,Gremlins Hockey,2,Beer Dragons,1,Division 9,Division 10,REG
,20-Sep-26,KCI Starbucks Rink,Red Zeppelin,4,Ice Breakers,3,Division 9,Division 9,REG
,20-Sep-26,KCI VMFH Rink,Tropical Punchers,3,Spicy Kittens HC-9,0,Division 9,Division 9,REG
,20-Sep-26,Olympic View Arena,Thursday Cryptids,2,Rainier Reindeers HC-9,3,Division 9,Division 9,REG
,20-Sep-26,accesso ShoWare Center,Puckleberries,0,Rip-Its,9,Division 10,Division 10,REG
,20-Sep-26,Kent Valley Ice Centre,Blackbirds,9,Fighting Clams,2,Division 9,Division 9,REG
,20-Sep-26,Angel of the Winds Arena,Orange Crush,2,Mighty Moose,5,Division 8,Division 9,REG
,20-Sep-26,KCI Starbucks Rink,Division 10B Purple,0,Redrum,9,Division 10,Division 10,REG
,20-Sep-26,Everett Comm Ice Rink,SEA Cucumbers,1,Hungry Hatchlings,1,Division 8,Division 8,REG
,20-Sep-26,KCI VMFH Rink,Rainiers,3,Toe Dragons,4,Division 8,Division 8,REG
,20-Sep-26,KCI Smartsheet Rink,Seal Team Sticks,0,Pythons,6,Division 8,Division 8,REG
,20-Sep-26,accesso ShoWare Center,Yacht Flippers,4,Purple Puck Eaters,2,Division 9,Division 9,REG
,20-Sep-26,Kent Valley Ice Centre,Glow Sticks,11,Seattle Slapshots,1,Division 8,Division 8,REG
,20-Sep-26,Angel of the Winds Arena,Scrooge McPuck,0,Spittin'' Llamas,8,Division 8,Division 8,REG
,20-Sep-26,KCI Starbucks Rink,Pond Pigeons,2,Blackouts,6,Division 8,Division 8,REG
,20-Sep-26,Everett Comm Ice Rink,Monarchs 6,5,Icemen,7,Division 6,Division 6,REG
,20-Sep-26,KCI VMFH Rink,Seattle Dogs,5,Roughnecks Mobile Infantry,3,Division 7,Division 7,REG
,20-Sep-26,KCI Smartsheet Rink,Nordekes,2,Lagooners,4,Division 7,Division 7,REG
,20-Sep-26,Kent Valley Ice Centre,Iced Awesome,4,BLU Bombers,7,Division 7,Division 7,REG
,20-Sep-26,accesso ShoWare Center,Khaos,3,Purple Reign,8,Division 8,Division 8,REG
,20-Sep-26,Angel of the Winds Arena,LKI,0,Seattle Seals,4,Division 7,Division 7,REG
,20-Sep-26,KCI Starbucks Rink,Division 10B Red,0,Mad Hat Tricks,7,Division 10,Division 10,REG
,20-Sep-26,Everett Comm Ice Rink,Cascadians HC,7,Los Tigres,1,Division 7,Division 7,REG
,20-Sep-26,KCI VMFH Rink,Quacken,5,Birrds,1,Division 7,Division 7,REG
,20-Sep-26,KCI Smartsheet Rink,Fluffy Bunnies,1,Seattle Freeze,6,Division 7,Division 7,REG
,20-Sep-26,Kent Valley Ice Centre,Not Sure 6,2,Chucklepucks,3,Division 6,Division 7,REG
,20-Sep-26,Olympic View Arena,Real Bacon,1,Trash Pandas Garbage Legacy,0,Division 7,Division 7,REG
,20-Sep-26,accesso ShoWare Center,Spicy Kittens HC-8,3,Bandits,8,Division 8,Division 8,REG
,20-Sep-26,Angel of the Winds Arena,Mudflaps,4,Raiders,2,Division 6,Division 6,REG
,20-Sep-26,KCI Starbucks Rink,Hampton West Hockey Club,3,Trash Pandas,10,Division 6,Division 6,REG
,20-Sep-26,Everett Comm Ice Rink,Blades,7,Barrel Aged Brewzers,3,Division 6,Division 6,REG
,20-Sep-26,KCI VMFH Rink,Wranglers,7,Hackers,0,Division 6,Division 6,REG
,20-Sep-26,KCI Smartsheet Rink,Greenhorns,3,Mighty Boosh,2,Division 6,Division 6,REG
,20-Sep-26,Kent Valley Ice Centre,Seattle Warriors,9,Dumb Pucks,5,Division 6,Division 6,REG
,20-Sep-26,Olympic View Arena,Highlanders,3,Midnight Twist,2,Division 5,Division 5,REG
,20-Sep-26,Angel of the Winds Arena,Mad Dawgs,0,Rainier Reindeer HC-6,6,Division 6,Division 6,REG
,20-Sep-26,KCI Starbucks Rink,Flying Monkeys ,2,Cherry Pickers,4,Division 6,Division 6,REG
,20-Sep-26,Everett Comm Ice Rink,Monarchs 5,10,Honey Badgers,4,Division 5,Division 6,REG
,21-Sep-26,Kent Valley Ice Centre,Dirty Couch Hockey Club,4,Jokres,1,Division 6,Division 6,REG
,21-Sep-26,KCI Starbucks Rink,Squids,4,Fossils,6,Division 6,Division 6,REG
,21-Sep-26,Kent Valley Ice Centre,Black Katz,8,PussyCats,2,Division 5,Division 5,REG
,21-Sep-26,KCI VMFH Rink,Seals,4,Piranhas,4,Division 5,Division 5,REG
,21-Sep-26,Everett Comm Ice Rink,Stingers,5,Bullets,2,Division 5,Division 5,REG
,21-Sep-26,Angel of the Winds Arena,Seagulls,6,Reapers,1,Division 5,Division 5,REG
,21-Sep-26,Olympic View Arena,Not Sure 5,4,Renegades,2,Division 5,Division 5,REG
,21-Sep-26,KCI Starbucks Rink,Dead Rabbits,2,Ice-O-Topes,3,Division 5,Division 5,REG
,21-Sep-26,Kent Valley Ice Centre,Yetis,2,Alpuckas,8,Division 5,Division 5,REG
,21-Sep-26,KCI VMFH Rink,WKUTP-5,10,Dumpster Fire,3,Division 5,Division 5,REG
,21-Sep-26,Everett Comm Ice Rink,BSOD,3,Moose Knuckle,8,Division 5,Division 5,REG
,21-Sep-26,Angel of the Winds Arena,Skeletons,3,Schilling Cider,3,Division 4,Division 4,REG
,22-Sep-26,accesso ShoWare Center,DevilFish,4,Top Cheddar,5,Division 4,Division 4,REG
,22-Sep-26,accesso ShoWare Center,Edible Arrangements,3,Mighty Mallards,9,Division 4,Division 4,REG
,22-Sep-26,Kent Valley Ice Centre,LLUA,0,Maple Bars,5,Division 4,Division 4,REG
,22-Sep-26,Lynnwood Ice Center,Blue Footed Bloobies,6,Sirens,0,Women''s Division Fall 26,Women''s Division Fall 26,REG
,22-Sep-26,KCI VMFH Rink,40+ Advanced Rotting Rebels,5,40+ Advanced Gritty Pylons,2,40+ Advanced Fall 26,40+ Advanced Fall 26,REG
,22-Sep-26,Angel of the Winds Arena,Pineapple Express,2,Rink Flamingos,4,Women''s Division Fall 26,Women''s Division Fall 26,REG
,22-Sep-26,KCI Smartsheet Rink,Wolves,3,Greasy Weasels,5,Division 4,Division 4,REG
,22-Sep-26,Olympic View Arena,White Yetis,8,Otters,3,Women''s Division Fall 26,Women''s Division Fall 26,REG
,22-Sep-26,KCI Starbucks Rink,40+ Advanced Falk,5,40+ Advanced Bakers Dozen,2,40+ Advanced Fall 26,40+ Advanced Fall 26,REG
,22-Sep-26,accesso ShoWare Center,Night Owls,3,Steelhead,3,Division 4,Division 4,REG
,22-Sep-26,Kent Valley Ice Centre,Coconut Corgis,3,Skateful Dead,8,Division 4,Division 4,REG
,22-Sep-26,Lynnwood Ice Center,Grey Dust Bunnies,1,Shake N Bake,3,Women''s Division Fall 26,Women's Division Fall 26,REG
,22-Sep-26,KCI VMFH Rink,40+ Advanced Whalers,8,40+ Advanced Spoilers,4,40+ Advanced Fall 26,40+ Advanced Fall 26,REG
,22-Sep-26,Angel of the Winds Arena,Red Hots,2,Black Sheesh,2,Women''s Division Fall 26,Women''s Division Fall 26,REG
,22-Sep-26,KCI Smartsheet Rink,Sabercats,3,Breakers,6,Division 4,Division 4,REG
,23-Sep-26,KCI Smartsheet Rink,Kraken Up,6,Hooligans,1,Division 4,Division 4,REG
,23-Sep-26,Kent Valley Ice Centre,40+ Old Navy,2,40+ Assisted Living,4,40+ Fall 26,40+ Fall 26,REG
,23-Sep-26,KCI Starbucks Rink,Chinooks,1,Bombers,7,Division 3,Division 3,REG
,23-Sep-26,KCI VMFH Rink,40+ Mid-Ice Crisis,7,40+ Puck Dynasty,4,40+ Fall 26,40+ Fall 26,REG
,23-Sep-26,Everett Comm Ice Rink,Shockers,5,Goal Diggers,1,Division 3,Division 3,REG
,23-Sep-26,Olympic View Arena,Sasquatch,4,MMHC,3,Division 3,Division 3,REG
,23-Sep-26,KCI Smartsheet Rink,40+ Coldtimers,5,40+ Carl''s Seniors,5,40+ Fall 26,40+ Fall 26,REG
,23-Sep-26,Kent Valley Ice Centre,40+ Geri Hat Tricks,1,40+ Rusty Blades,4,40+ Fall 26,40+ Fall 26,REG
,23-Sep-26,KCI Starbucks Rink,Eagles,6,Puckbuddies,7,Division 3,Division 3,REG
,23-Sep-26,KCI VMFH Rink,40+ Red Flags,3,40+ Gritty Pylons,5,40+ Fall 26,40+ Fall 26,REG
,23-Sep-26,Everett Comm Ice Rink,The Herd,5,Puget Sound Pigeons,3,Division 3,Division 3,REG
,24-Sep-26,Kent Valley Ice Centre,Chiefs,4,Northwest Crabs,7,Division 2,Division 2,REG
,24-Sep-26,KCI Smartsheet Rink,ESB,6,Mustangs,4,Division 1,Division 1,REG
,24-Sep-26,Lynnwood Ice Center,Seattle Supernova,3,NW Stars,4,Division 1,Division 1,REG
,24-Sep-26,Kent Valley Ice Centre,Pull Tab Bandits,7,Rhinos,2,Division 3,Division 3,REG
,24-Sep-26,KCI Starbucks Rink,Falcons,4,ALTP,8,Division 1,Division 1,REG
,24-Sep-26,KCI Smartsheet Rink,The Brigade,2,Mavericks,5,Division 2,Division 2,REG
,24-Sep-26,Lynnwood Ice Center,Pheasants,4,Red Dog,4,Division 2,Division 2,REG
,24-Sep-26,KCI Starbucks Rink,The Mighty Geoducks,1,Fighting Narwhals,0,Division 2,Division 2,REG
,27-Sep-26,Olympic View Arena,Toe Dragons,4,Purple Reign,2,Division 8,Division 8,REG
,27-Sep-26,accesso ShoWare Center,Division 10B Purple,5,Division 10B Red,7,Division 10,Division 10,REG
,27-Sep-26,Kent Valley Ice Centre,Dumb Pucks,2,Greenhorns,3,Division 6,Division 6,REG
,27-Sep-26,KCI Starbucks Rink,Seal Team Sticks,2,Seattle Slapshots,2,Division 8,Division 8,REG
,27-Sep-26,Olympic View Arena,Pythons,10,Scrooge McPuck,2,Division 8,Division 8,REG
,27-Sep-26,accesso ShoWare Center,Monarchs 6,3,Rainier Reindeer HC-6,3,Division 6,Division 6,REG
,27-Sep-26,Kent Valley Ice Centre,Monarchs 5,3,Seattle Warriors,4,Division 5,Division 6,REG
,27-Sep-26,Angel of the Winds Arena,Glow Sticks,3,Pond Pigeons,1,Division 8,Division 8,REG
,27-Sep-26,Everett Comm Ice Rink,Honey Badgers,0,Flying Monkeys,0,Division 6,Division 6,REG
,27-Sep-26,KCI Starbucks Rink,Blackouts,8,Spittin'' Llamas,4,Division 8,Division 8,REG
,27-Sep-26,KCI Smartsheet Rink,Roughnecks Mobile Infantry,2,Orcas,3,Division 7,Division 8,REG
,27-Sep-26,accesso ShoWare Center,Mad Dawgs,2,Blades,4,Division 6,Division 6,REG
,27-Sep-26,Kent Valley Ice Centre,Trash Pandas,0,Barrel Aged Brewzers,2,Division 6,Division 6,REG
,27-Sep-26,KCI VMFH Rink,Hackers,1,Mudflaps,7,Division 6,Division 6,REG
,27-Sep-26,Angel of the Winds Arena,Chucklepucks,3,Hampton West Hockey Club,3,Division 7,Division 6,REG
,27-Sep-26,Everett Comm Ice Rink,Raiders,2,Not Sure 6,3,Division 6,Division 6,REG
,27-Sep-26,KCI Starbucks Rink,Cascadians HC,5,Real Bacon,5,Division 7,Division 7,REG
,27-Sep-26,KCI Smartsheet Rink,Maelstrom,5,Mad Hat Tricks,3,Division 10,Division 10,REG
,27-Sep-26,Kent Valley Ice Centre,Puckleberries,0,The Axolotls,2,Division 10,Division 10,REG
,27-Sep-26,accesso ShoWare Center,Galactic Penguins,2,Redrum,2,Division 10,Division 10,REG
,27-Sep-26,KCI VMFH Rink,Beer Dragons,2,Banana Blades,3,Division 10,Division 10,REG
,27-Sep-26,Angel of the Winds Arena,Rip-Its,3,Gremlins Hockey,3,Division 10,Division 9,REG
,27-Sep-26,Everett Comm Ice Rink,Spicy Kittens HC-9,6,Ice Breakers,5,Division 9,Division 9,REG
,27-Sep-26,KCI Starbucks Rink,Purple Puck Eaters,2,Red Zeppelin,10,Division 9,Division 9,REG
,27-Sep-26,KCI Smartsheet Rink,Yacht Flippers,2,Tropical Punchers,4,Division 9,Division 9,REG
,27-Sep-26,Kent Valley Ice Centre,Hungry Hatchlings,7,Khaos,3,Division 8,Division 8,REG
,27-Sep-26,Olympic View Arena,Fighting Clams,4,Thursday Cryptids,2,Division 9,Division 9,REG
,27-Sep-26,KCI VMFH Rink,Blackbirds,2,Mighty Moose,1,Division 9,Division 9,REG
,27-Sep-26,Angel of the Winds Arena,Rainiers,5,SEA Cucumbers,0,Division 8,Division 8,REG
,27-Sep-26,Everett Comm Ice Rink,Trash Pandas Garbage Legacy,1,Quacken,0,Division 7,Division 7,REG
,27-Sep-26,KCI Starbucks Rink,Orange Crush,4,Rainier Reindeers HC-9,2,Division 8,Division 9,REG
,27-Sep-26,KCI Smartsheet Rink,Seattle Freeze,9,Birrds,2,Division 7,Division 7,REG
,27-Sep-26,Kent Valley Ice Centre,LKI,4,Bandits,4,Division 7,Division 8,REG
,27-Sep-26,KCI VMFH Rink,Seattle Seals,6,Fluffy Bunnies,3,Division 7,Division 7,REG
,27-Sep-26,Olympic View Arena,Los Tigres,2,BLU Bombers,8,Division 7,Division 7,REG
,27-Sep-26,Angel of the Winds Arena,Iced Awesome,1,Lagooners,4,Division 7,Division 7,REG
,27-Sep-26,Everett Comm Ice Rink,Nordekes,3,Seattle Dogs,2,Division 7,Division 7,REG
,28-Sep-26,Kent Valley Ice Centre,Wranglers,2,Squids,2,Division 6,Division 6,REG
,28-Sep-26,KCI Starbucks Rink,Midnight Twist,1,PussyCats,4,Division 5,Division 5,REG
,28-Sep-26,Kent Valley Ice Centre,Cherry Pickers,2,Dirty Couch Hockey Club,2,Division 6,Division 6,REG
,28-Sep-26,KCI VMFH Rink,Lumberjacks,5,Brewzers OGB,7,Division 5,Division 5,REG
,28-Sep-26,Everett Comm Ice Rink,Ice-O-Topes,4,Renegades,6,Division 5,Division 5,REG
,28-Sep-26,Angel of the Winds Arena,Dead Rabbits,10,Not Sure 5,3,Division 5,Division 5,REG
,28-Sep-26,Olympic View Arena,Reapers,2,Alpuckas,6,Division 5,Division 5,REG
,28-Sep-26,KCI Starbucks Rink,Moose Knuckle,5,Dumpster Fire,2,Division 5,Division 5,REG
,28-Sep-26,Kent Valley Ice Centre,Stingers,4,Seals,2,Division 5,Division 5,REG
,28-Sep-26,KCI VMFH Rink,Bullets,3,Piranhas,8,Division 5,Division 5,REG
,28-Sep-26,Everett Comm Ice Rink,Jokres,7,Icemen,2,Division 6,Division 6,REG
,28-Sep-26,Angel of the Winds Arena,Fossils,4,Mighty Boosh,1,Division 6,Division 6,REG
,29-Sep-26,accesso ShoWare Center,Seagulls,6,Yetis,3,Division 5,Division 5,REG
,29-Sep-26,accesso ShoWare Center,WKUTP-5,4,BSOD,3,Division 5,Division 5,REG
,29-Sep-26,Kent Valley Ice Centre,Greasy Weasels,3,DevilFish,3,Division 4,Division 4,REG
,29-Sep-26,Lynnwood Ice Center,40+ Advanced Spoilers,7,40+ Advanced Gritty Pylons,3,40+ Advanced Fall 26,40+ Advanced Fall 26,REG
,29-Sep-26,KCI VMFH Rink,Otters,5,Shake N Bake,2,Women's Division Fall 26,Women's Division Fall 26,REG
,29-Sep-26,Angel of the Winds Arena,Skateful Dead,4,Steelhead,2,Division 4,Division 4,REG
,29-Sep-26,KCI Smartsheet Rink,Black Sheesh,1,Pineapple Express,7,Women''s Division Fall 26,Women''s Division Fall 26,REG
,29-Sep-26,Olympic View Arena,40+ Advanced Whalers,5,40+ Advanced Falk,1,40+ Advanced Fall 26,40+ Advanced Fall 26,REG
,29-Sep-26,KCI Starbucks Rink,Grey Dust Bunnies,3,Red Hots,2,Women''s Division Fall 26,Women''s Division Fall 26,REG
,29-Sep-26,accesso ShoWare Center,Goal Diggers,2,Chinooks,2,Division 3,Division 3,REG
,29-Sep-26,Kent Valley Ice Centre,Wolves,4,Top Cheddar,3,Division 4,Division 4,REG
,29-Sep-26,Lynnwood Ice Center,40+ Advanced Rotting Rebels,0,40+ Advanced Bakers Dozen,6,40+ Advanced Fall 26,40+ Advanced Fall 26,REG
,29-Sep-26,KCI VMFH Rink,Blue Footed Bloobies,2,Rink Flamingos,3,Women's Division Fall 26,Women's Division Fall 26,REG
,29-Sep-26,Angel of the Winds Arena,Maple Bars,6,Mighty Mallards,4,Division 4,Division 4,REG
,29-Sep-26,KCI Smartsheet Rink,White Yetis,2,Sirens,1,Women''s Division Fall 26,Women''s Division Fall 26,REG
,30-Sep-26,KCI Smartsheet Rink,40+ Carl''s Seniors,,40+ Rusty Blades,,40+ Fall 26,40+ Fall 26,
,30-Sep-26,Kent Valley Ice Centre,Breakers,3,Night Owls,3,Division 4,Division 4,REG
,30-Sep-26,KCI Starbucks Rink,Hooligans,3,Schilling Cider,6,Division 4,Division 4,REG
,30-Sep-26,KCI VMFH Rink,40+ Coldtimers,,40+ Red Flags,,40+ Fall 26,40+ Fall 26,
,30-Sep-26,Angel of the Winds Arena,Kraken Up,5,Skeletons,4,Division 4,Division 4,REG
,30-Sep-26,Everett Comm Ice Rink,Sabercats,2,Coconut Corgis,4,Division 4,Division 4,REG
,30-Sep-26,Olympic View Arena,Red Dog,5,Fighting Narwhals,2,Division 2,Division 2,REG
,30-Sep-26,KCI Smartsheet Rink,40+ Geri Hat Tricks,,40+ Puck Dynasty,,40+ Fall 26,40+ Fall 26,
,30-Sep-26,Kent Valley Ice Centre,Seattle Supernova,4,Mustangs,4,Division 1,Division 1,REG
,30-Sep-26,KCI Starbucks Rink,40+ Gritty Pylons,3,40+ Old Navy,7,40+ Fall 26,40+ Fall 26,REG
,30-Sep-26,KCI VMFH Rink,40+ Assisted Living,,40+ Mid-Ice Crisis,,40+ Fall 26,40+ Fall 26,
,30-Sep-26,Angel of the Winds Arena,Puckbuddies,8,MMHC,1,Division 3,Division 3,REG
,30-Sep-26,Everett Comm Ice Rink,Shockers,2,Bombers,3,Division 3,Division 3,REG
,1-Oct-26,Kent Valley Ice Centre,Rhinos,8,The Herd,4,Division 3,Division 3,REG
,1-Oct-26,KCI Smartsheet Rink,Pheasants,5,The Mighty Geoducks,7,Division 2,Division 2,REG
,1-Oct-26,Lynnwood Ice Center,Eagles,7,Sasquatch,7,Division 3,Division 3,REG
,1-Oct-26,Kent Valley Ice Centre,Pull Tab Bandits,2,Puget Sound Pigeons,2,Division 3,Division 3,REG
,1-Oct-26,KCI Starbucks Rink,Black Katz,2,Highlanders,4,Division 5,Division 5,REG
,1-Oct-26,Olympic View Arena,Northwest Crabs,6,The Brigade,2,Division 2,Division 2,REG
,1-Oct-26,KCI Smartsheet Rink,Chiefs,6,Mavericks,6,Division 2,Division 2,REG
,1-Oct-26,Lynnwood Ice Center,NW Stars,5,ALTP,7,Division 1,Division 1,REG
,1-Oct-26,Kent Valley Ice Centre,Falcons,6,ESB,9,Division 1,Division 1,REG
,1-Oct-26,KCI Starbucks Rink,LLUA,5,Edible Arrangements,4,Division 4,Division 4,REG
,4-Oct-26,Olympic View Arena,Seattle Seals,,Cascadians HC,,Division 7,Division 7,
,4-Oct-26,accesso ShoWare Center,Scrooge McPuck,,Khaos,,Division 8,Division 8,
,4-Oct-26,Kent Valley Ice Centre,Chucklepucks,,Seattle Freeze,,Division 7,Division 7,
,4-Oct-26,KCI Starbucks Rink,Iced Awesome,,Nordekes,,Division 7,Division 7,
,4-Oct-26,Olympic View Arena,Fluffy Bunnies,,LKI,,Division 7,Division 7,
,4-Oct-26,accesso ShoWare Center,Bandits,,BLU Bombers,,Division 8,Division 7,
,4-Oct-26,Kent Valley Ice Centre,Lagooners,,Los Tigres,,Division 7,Division 7,
,4-Oct-26,KCI Starbucks Rink,Seattle Dogs,,Orcas,,Division 7,Division 8,
,4-Oct-26,KCI Smartsheet Rink,Glow Sticks,,Pythons,,Division 8,Division 8,
,4-Oct-26,accesso ShoWare Center,Pond Pigeons,,Seal Team Sticks,,Division 8,Division 8,
,4-Oct-26,Kent Valley Ice Centre,Spicy Kittens HC-9,,Banana Blades,,Division 9,Division 10,
,4-Oct-26,KCI VMFH Rink,Rainiers,,Seattle Slapshots,,Division 8,Division 8,
,4-Oct-26,KCI Starbucks Rink,Toe Dragons,,SEA Cucumbers,,Division 8,Division 8,
,4-Oct-26,KCI Smartsheet Rink,Purple Reign,,Hungry Hatchlings,,Division 8,Division 8,
,4-Oct-26,Kent Valley Ice Centre,Mighty Moose,,Rainier Reindeers HC-9,,Division 9,Division 9,
,4-Oct-26,accesso ShoWare Center,Ice Breakers,,Beer Dragons,,Division 9,Division 10,
,4-Oct-26,KCI VMFH Rink,Blackbirds,,Orange Crush,,Division 9,Division 8,
,4-Oct-26,Everett Comm Ice Rink,The Axolotls,,Mad Hat Tricks,,Division 10,Division 10,
,4-Oct-26,KCI Starbucks Rink,Fighting Clams,,Yacht Flippers,,Division 9,Division 9,
,4-Oct-26,KCI Smartsheet Rink,Rip-Its,,Purple Puck Eaters,,Division 10,Division 9,
,4-Oct-26,Kent Valley Ice Centre,Red Zeppelin,,Thursday Cryptids,,Division 9,Division 9,
,4-Oct-26,Olympic View Arena,Division 10B Red,,Galactic Penguins,,Division 10,Division 10,
,4-Oct-26,KCI VMFH Rink,Tropical Punchers,,Gremlins Hockey,,Division 9,Division 9,
,4-Oct-26,Everett Comm Ice Rink,Division 10B Purple,,Maelstrom,,Division 10,Division 10,
,4-Oct-26,KCI Starbucks Rink,Puckleberries,,Redrum,,Division 10,Division 10,
,4-Oct-26,Kent Valley Ice Centre,Spicy Kittens HC-8,,Spittin'' Llamas,,Division 8,Division 8,
,4-Oct-26,KCI VMFH Rink,Blackouts,,Roughnecks Mobile Infantry,,Division 8,Division 7,
,4-Oct-26,Olympic View Arena,Trash Pandas Garbage Legacy,,Birrds,,Division 7,Division 7,
,4-Oct-26,Everett Comm Ice Rink,Hampton West Hockey Club,,Hackers,,Division 6,Division 6,
,4-Oct-26,KCI Starbucks Rink,Real Bacon,,Quacken,,Division 7,Division 7,
