Date,Team,ELO,Opponent,Opp ELO,Delta,Win %,Tie %,Loss %,GF,GA,Result,+/- ELO,ELO Post Game
09/20/26,The Axolotls,1165,Maelstrom,990,175,71.1,4.4,24.6,3,1,Win,33,1198
09/20/26,Maelstrom,990,The Axolotls,1165,-175,24.6,4.4,71.1,1,3,Loss,-33,957
09/20/26,Banana Blades,750,Galactic Penguins,992,-242,18.1,3.6,78.3,5,0,Win,123,873
09/20/26,Galactic Penguins,992,Banana Blades,750,242,78.3,3.6,18.1,0,5,Loss,-123,869
09/20/26,Gremlins Hockey,1050,Beer Dragons,984,66,56.7,5.4,37.9,2,1,Win,32,1082
09/20/26,Beer Dragons,984,Gremlins Hockey,1050,-66,37.9,5.4,56.7,1,2,Loss,-32,952
09/20/26,Red Zeppelin,1121,Ice Breakers,1300,-179,24.1,4.3,71.5,4,3,Win,57,1178
09/20/26,Ice Breakers,1300,Red Zeppelin,1121,179,71.5,4.3,24.1,3,4,Loss,-57,1243
09/20/26,Tropical Punchers,1196,Spicy Kittens HC-9,1048,148,67.8,4.7,27.6,3,0,Win,42,1238
09/20/26,Spicy Kittens HC-9,1048,Tropical Punchers,1196,-148,27.6,4.7,67.8,0,3,Loss,-42,1006
09/20/26,Thursday Cryptids,1175,Rainier Reindeers HC-9,1291,-116,31.4,5.0,63.6,2,3,Loss,-24,1151
09/20/26,Rainier Reindeers HC-9,1291,Thursday Cryptids,1175,116,63.6,5.0,31.4,3,2,Win,24,1315
09/20/26,Puckleberries,990,Rip-Its,1153,-163,25.9,4.5,69.6,0,9,Loss,-48,942
09/20/26,Rip-Its,1153,Puckleberries,990,163,69.6,4.5,25.9,9,0,Win,48,1201
09/20/26,Blackbirds,1568,Fighting Clams,1279,289,82.6,3.0,14.4,9,2,Win,29,1597
09/20/26,Fighting Clams,1279,Blackbirds,1568,-289,14.4,3.0,82.6,2,9,Loss,-29,1250
09/20/26,Orange Crush,1624,Mighty Moose,1484,140,66.7,4.8,28.5,2,5,Loss,-88,1536
09/20/26,Mighty Moose,1484,Orange Crush,1624,-140,28.5,4.8,66.7,5,2,Win,88,1572
09/20/26,Division 10B Purple,990,Redrum,732,258,79.8,3.4,16.8,0,9,Loss,-150,840
09/20/26,Redrum,732,Division 10B Purple,990,-258,16.8,3.4,79.8,9,0,Win,150,882
09/20/26,SEA Cucumbers,1586,Hungry Hatchlings,1519,67,56.8,5.4,37.8,1,1,Tie,-5,1581
09/20/26,Hungry Hatchlings,1519,SEA Cucumbers,1586,-67,37.8,5.4,56.8,1,1,Tie,5,1524
09/20/26,Rainiers,1878,Toe Dragons,1588,290,82.7,3.0,14.4,3,4,Loss,-62,1816
09/20/26,Toe Dragons,1588,Rainiers,1878,-290,14.4,3.0,82.7,4,3,Win,62,1650
09/20/26,Seal Team Sticks,1570,Pythons,1788,-218,20.3,3.9,75.9,0,6,Loss,-32,1538
09/20/26,Pythons,1788,Seal Team Sticks,1570,218,75.9,3.9,20.3,6,0,Win,32,1820
09/20/26,Yacht Flippers,1340,Purple Puck Eaters,1219,121,64.3,5.0,30.8,4,2,Win,40,1380
09/20/26,Purple Puck Eaters,1219,Yacht Flippers,1340,-121,30.8,5.0,64.3,2,4,Loss,-40,1179
09/20/26,Glow Sticks,1648,Seattle Slapshots,1770,-122,30.6,5.0,64.4,11,1,Win,137,1785
09/20/26,Seattle Slapshots,1770,Glow Sticks,1648,122,64.4,5.0,30.6,1,11,Loss,-137,1633
09/20/26,Scrooge McPuck,1596,Spittin'' Llamas,1688,-92,34.4,5.2,60.3,0,8,Loss,-61,1535
09/20/26,Spittin'' Llamas,1688,Scrooge McPuck,1596,92,60.3,5.2,34.4,8,0,Win,61,1749
09/20/26,Pond Pigeons,1795,Blackouts,1742,53,54.8,5.5,39.7,2,6,Loss,-77,1718
09/20/26,Blackouts,1742,Pond Pigeons,1795,-53,39.7,5.5,54.8,6,2,Win,77,1819
09/20/26,Monarchs 6,2673,Icemen,2515,158,69.0,4.6,26.4,5,7,Loss,-78,2595
09/20/26,Icemen,2515,Monarchs 6,2673,-158,26.4,4.6,69.0,7,5,Win,78,2593
09/20/26,Seattle Dogs,1864,Roughnecks Mobile Infantry,1879,-15,45.0,5.6,49.4,5,3,Win,62,1926
09/20/26,Roughnecks Mobile Infantry,1879,Seattle Dogs,1864,15,49.4,5.6,45.0,3,5,Loss,-62,1817
09/20/26,Nordekes,1865,Lagooners,1807,58,55.5,5.4,39.0,2,4,Loss,-62,1803
09/20/26,Lagooners,1807,Nordekes,1865,-58,39.0,5.4,55.5,4,2,Win,62,1869
09/20/26,Iced Awesome,1947,BLU Bombers,1925,22,50.4,5.6,44.0,4,7,Loss,-66,1881
09/20/26,BLU Bombers,1925,Iced Awesome,1947,-22,44.0,5.6,50.4,7,4,Win,66,1991
09/20/26,Khaos,1740,Purple Reign,1464,276,81.5,3.2,15.4,3,8,Loss,-122,1618
09/20/26,Purple Reign,1464,Khaos,1740,-276,15.4,3.2,81.5,8,3,Win,122,1586
09/20/26,LKI,1916,Seattle Seals,2035,-119,31.0,5.0,64.0,0,4,Loss,-44,1872
09/20/26,Seattle Seals,2035,LKI,1916,119,64.0,5.0,31.0,4,0,Win,44,2079
09/20/26,Division 10B Red,990,Mad Hat Tricks,906,84,59.2,5.3,35.5,0,7,Loss,-100,890
09/20/26,Mad Hat Tricks,906,Division 10B Red,990,-84,35.5,5.3,59.2,7,0,Win,100,1006
09/20/26,Cascadians HC,2289,Los Tigres,2074,215,75.6,3.9,20.5,7,1,Win,39,2328
09/20/26,Los Tigres,2074,Cascadians HC,2289,-215,20.5,3.9,75.6,1,7,Loss,-39,2035
09/20/26,Quacken,2016,Birrds,2127,-111,32.0,5.1,62.9,5,1,Win,96,2112
09/20/26,Birrds,2127,Quacken,2016,111,62.9,5.1,32.0,1,5,Loss,-96,2031
09/20/26,Fluffy Bunnies,2169,Seattle Freeze,2071,98,61.2,5.2,33.7,1,6,Loss,-92,2077
09/20/26,Seattle Freeze,2071,Fluffy Bunnies,2169,-98,33.7,5.2,61.2,6,1,Win,92,2163
09/20/26,Not Sure 6,2353,Chucklepucks,2309,44,53.5,5.5,40.9,2,3,Loss,-40,2313
09/20/26,Chucklepucks,2309,Not Sure 6,2353,-44,40.9,5.5,53.5,3,2,Win,40,2349
09/20/26,Real Bacon,2270,Trash Pandas Garbage Legacy,2118,152,68.3,4.7,27.1,1,0,Win,24,2294
09/20/26,Trash Pandas Garbage Legacy,2118,Real Bacon,2270,-152,27.1,4.7,68.3,0,1,Loss,-24,2094
09/20/26,Spicy Kittens HC-8,1760,Bandits,1856,-96,33.9,5.2,60.9,3,8,Loss,-51,1709
09/20/26,Bandits,1856,Spicy Kittens HC-8,1760,96,60.9,5.2,33.9,8,3,Win,51,1907
09/20/26,Mudflaps,2551,Raiders,2359,192,73.0,4.2,22.8,4,2,Win,30,2581
09/20/26,Raiders,2359,Mudflaps,2551,-192,22.8,4.2,73.0,2,4,Loss,-30,2329
09/20/26,Hampton West Hockey Club,2499,Trash Pandas,2624,-125,30.3,4.9,64.8,3,10,Loss,-51,2448
09/20/26,Trash Pandas,2624,Hampton West Hockey Club,2499,125,64.8,4.9,30.3,10,3,Win,51,2675
09/20/26,Blades,2497,Barrel Aged Brewzers,2471,26,51.0,5.6,43.5,7,3,Win,69,2566
09/20/26,Barrel Aged Brewzers,2471,Blades,2497,-26,43.5,5.6,51.0,3,7,Loss,-69,2402
09/20/26,Wranglers,2608,Hackers,2359,249,79.0,3.5,17.5,7,0,Win,35,2643
09/20/26,Hackers,2359,Wranglers,2608,-249,17.5,3.5,79.0,0,7,Loss,-35,2324
09/20/26,Greenhorns,2429,Mighty Boosh,2340,89,59.9,5.2,34.8,3,2,Win,30,2459
09/20/26,Mighty Boosh,2340,Greenhorns,2429,-89,34.8,5.2,59.9,2,3,Loss,-30,2310
09/20/26,Seattle Warriors,2579,Dumb Pucks,2604,-25,43.6,5.6,50.8,9,5,Win,79,2658
09/20/26,Dumb Pucks,2604,Seattle Warriors,2579,25,50.8,5.6,43.6,5,9,Loss,-79,2525
09/20/26,Highlanders,2797,Midnight Twist,2717,80,58.7,5.3,36.0,3,2,Win,31,2828
09/20/26,Midnight Twist,2717,Highlanders,2797,-80,36.0,5.3,58.7,2,3,Loss,-31,2686
09/20/26,Mad Dawgs,2471,Rainier Reindeer HC-6,2537,-66,37.9,5.4,56.7,0,6,Loss,-60,2411
09/20/26,Rainier Reindeer HC-6,2537,Mad Dawgs,2471,66,56.7,5.4,37.9,6,0,Win,60,2597
09/20/26,Flying Monkeys ,2614,Cherry Pickers,2471,143,67.1,4.7,28.1,2,4,Loss,-76,2538
09/20/26,Cherry Pickers,2471,Flying Monkeys ,2614,-143,28.1,4.7,67.1,4,2,Win,76,2547
09/20/26,Monarchs 5,2521,Honey Badgers,2709,-188,23.2,4.2,72.6,10,4,Win,122,2643
09/20/26,Honey Badgers,2709,Monarchs 5,2521,188,72.6,4.2,23.2,4,10,Loss,-122,2587
09/21/26,Dirty Couch Hockey Club,2653,Jokres,2684,-31,42.8,5.6,51.7,4,1,Win,75,2728
09/21/26,Jokres,2684,Dirty Couch Hockey Club,2653,31,51.7,5.6,42.8,1,4,Loss,-75,2609
09/21/26,Squids,2386,Fossils,2662,-276,15.4,3.2,81.5,4,6,Loss,-17,2369
09/21/26,Fossils,2662,Squids,2386,276,81.5,3.2,15.4,6,4,Win,17,2679
09/21/26,Black Katz,2783,PussyCats,2724,59,55.7,5.4,38.9,8,2,Win,71,2854
09/21/26,PussyCats,2724,Black Katz,2783,-59,38.9,5.4,55.7,2,8,Loss,-71,2653
09/21/26,Seals,3009,Piranhas,2912,97,61.0,5.2,33.8,4,4,Tie,-8,3001
09/21/26,Piranhas,2912,Seals,3009,-97,33.8,5.2,61.0,4,4,Tie,8,2920
09/21/26,Stingers,2973,Bullets,2831,142,67.0,4.8,28.3,5,2,Win,43,3016
09/21/26,Bullets,2831,Stingers,2973,-142,28.3,4.8,67.0,2,5,Loss,-43,2788
09/21/26,Seagulls,3022,Reapers,2784,238,77.9,3.6,18.5,6,1,Win,33,3055
09/21/26,Reapers,2784,Seagulls,3022,-238,18.5,3.6,77.9,1,6,Loss,-33,2751
09/21/26,Not Sure 5,2853,Renegades,2823,30,51.5,5.6,42.9,4,2,Win,55,2908
09/21/26,Renegades,2823,Not Sure 5,2853,-30,42.9,5.6,51.5,2,4,Loss,-55,2768
09/21/26,Dead Rabbits,3073,Ice-O-Topes,3006,67,56.8,5.4,37.8,2,3,Loss,-43,3030
09/21/26,Ice-O-Topes,3006,Dead Rabbits,3073,-67,37.8,5.4,56.8,3,2,Win,43,3049
09/21/26,Yetis,2977,Alpuckas,2990,-13,45.3,5.6,49.1,2,8,Loss,-72,2905
09/21/26,Alpuckas,2990,Yetis,2977,13,49.1,5.6,45.3,8,2,Win,72,3062
09/21/26,WKUTP-5,3050,Dumpster Fire,3121,-71,37.2,5.4,57.4,10,3,Win,106,3156
09/21/26,Dumpster Fire,3121,WKUTP-5,3050,71,57.4,5.4,37.2,3,10,Loss,-106,3015
09/21/26,BSOD,3131,Moose Knuckle,3096,35,52.2,5.5,42.2,3,8,Loss,-78,3053
09/21/26,Moose Knuckle,3096,BSOD,3131,-35,42.2,5.5,52.2,8,3,Win,78,3174
09/21/26,Skeletons,3443,Schilling Cider,3258,185,72.2,4.3,23.5,3,3,Tie,-17,3426
09/21/26,Schilling Cider,3258,Skeletons,3443,-185,23.5,4.3,72.2,3,3,Tie,17,3275
09/22/26,DevilFish,3297,Top Cheddar,3212,85,59.4,5.3,35.4,4,5,Loss,-45,3252
09/22/26,Top Cheddar,3212,DevilFish,3297,-85,35.4,5.3,59.4,5,4,Win,45,3257
09/22/26,Edible Arrangements,3345,Mighty Mallards,3347,-2,46.9,5.6,47.5,3,9,Loss,-75,3270
09/22/26,Mighty Mallards,3347,Edible Arrangements,3345,2,47.5,5.6,46.9,9,3,Win,75,3422
09/22/26,LLUA,3474,Maple Bars,3383,91,60.2,5.2,34.6,0,5,Loss,-90,3384
09/22/26,Maple Bars,3383,LLUA,3474,-91,34.6,5.2,60.2,5,0,Win,90,3473
09/22/26,Wolves,3295,Greasy Weasels,3203,92,60.3,5.2,34.4,3,5,Loss,-68,3227
09/22/26,Greasy Weasels,3203,Wolves,3295,-92,34.4,5.2,60.3,5,3,Win,68,3271
09/22/26,Night Owls,3385,Steelhead,3436,-51,40.0,5.5,54.5,3,3,Tie,8,3393
09/22/26,Steelhead,3436,Night Owls,3385,51,54.5,5.5,40.0,3,3,Tie,-8,3428
09/22/26,Coconut Corgis,3406,Skateful Dead,3436,-30,42.9,5.6,51.5,3,8,Loss,-64,3342
09/22/26,Skateful Dead,3436,Coconut Corgis,3406,30,51.5,5.6,42.9,8,3,Win,64,3500
09/22/26,Sabercats,3587,Breakers,3438,149,67.9,4.7,27.4,3,6,Loss,-89,3498
09/22/26,Breakers,3438,Sabercats,3587,-149,27.4,4.7,67.9,6,3,Win,89,3527
09/23/26,Kraken Up,3325,Hooligans,3195,130,65.4,4.9,29.7,6,1,Win,52,3377
09/23/26,Hooligans,3195,Kraken Up,3325,-130,29.7,4.9,65.4,1,6,Loss,-52,3143
09/23/26,Chinooks,3527,Bombers,3704,-177,24.3,4.4,71.3,1,7,Loss,-39,3488
09/23/26,Bombers,3704,Chinooks,3527,177,71.3,4.4,24.3,7,1,Win,39,3743
09/23/26,Shockers,3663,Goal Diggers,3711,-48,40.4,5.5,54.1,5,1,Win,84,3747
09/23/26,Goal Diggers,3711,Shockers,3663,48,54.1,5.5,40.4,1,5,Loss,-84,3627
09/23/26,Sasquatch,3813,MMHC,3789,24,50.7,5.6,43.8,4,3,Win,37,3850
09/23/26,MMHC,3789,Sasquatch,3813,-24,43.8,5.6,50.7,3,4,Loss,-37,3752
09/23/26,Eagles,4055,Puckbuddies,3815,240,78.1,3.6,18.3,6,7,Loss,-59,3996
09/23/26,Puckbuddies,3815,Eagles,4055,-240,18.3,3.6,78.1,7,6,Win,59,3874
09/23/26,The Herd,3925,Puget Sound Pigeons,3796,129,65.3,4.9,29.8,5,3,Win,39,3964
09/23/26,Puget Sound Pigeons,3796,The Herd,3925,-129,29.8,4.9,65.3,3,5,Loss,-39,3757
09/24/26,Chiefs,4169,Northwest Crabs,4392,-223,19.8,3.8,76.4,4,7,Loss,-26,4143
09/24/26,Northwest Crabs,4392,Chiefs,4169,223,76.4,3.8,19.8,7,4,Win,26,4418
09/24/26,ESB,4192,Mustangs,4144,48,54.1,5.5,40.4,6,4,Win,52,4244
09/24/26,Mustangs,4144,ESB,4192,-48,40.4,5.5,54.1,4,6,Loss,-52,4092
09/24/26,Seattle Supernova,4149,NW Stars,4336,-187,23.3,4.2,72.5,3,4,Loss,-17,4132
09/24/26,NW Stars,4336,Seattle Supernova,4149,187,72.5,4.2,23.3,4,3,Win,17,4353
09/24/26,Pull Tab Bandits,4006,Rhinos,4053,-47,40.5,5.5,54.0,7,2,Win,89,4095
09/24/26,Rhinos,4053,Pull Tab Bandits,4006,47,54.0,5.5,40.5,2,7,Loss,-89,3964
09/24/26,Falcons,4343,ALTP,4481,-138,28.7,4.8,66.5,4,8,Loss,-40,4303
09/24/26,ALTP,4481,Falcons,4343,138,66.5,4.8,28.7,8,4,Win,40,4521
09/24/26,The Brigade,4238,Mavericks,4150,88,59.8,5.3,35.0,2,5,Loss,-78,4160
09/24/26,Mavericks,4150,The Brigade,4238,-88,35.0,5.3,59.8,5,2,Win,78,4228
09/24/26,Pheasants,3984,Red Dog,4018,-34,42.3,5.5,52.1,4,4,Tie,6,3990
09/24/26,Red Dog,4018,Pheasants,3984,34,52.1,5.5,42.3,4,4,Tie,-6,4012
09/24/26,The Mighty Geoducks,4058,Fighting Narwhals,4024,34,52.1,5.5,42.3,1,0,Win,36,4094
09/24/26,Fighting Narwhals,4024,The Mighty Geoducks,4058,-34,42.3,5.5,52.1,0,1,Loss,-36,3988
09/27/26,Toe Dragons,1650,Purple Reign,1586,64,56.4,5.4,38.2,4,2,Win,49,1699
09/27/26,Purple Reign,1586,Toe Dragons,1650,-64,38.2,5.4,56.4,2,4,Loss,-49,1537
09/27/26,Division 10B Purple,840,Division 10B Red,890,-50,40.1,5.5,54.4,5,7,Loss,-45,795
09/27/26,Division 10B Red,890,Division 10B Purple,840,50,54.4,5.5,40.1,7,5,Win,45,935
09/27/26,Dumb Pucks,2525,Greenhorns,2459,66,56.6,5.4,38.0,2,3,Loss,-42,2482
09/27/26,Greenhorns,2459,Dumb Pucks,2525,-66,38.0,5.4,56.6,3,2,Win,42,2502
09/27/26,Seal Team Sticks,1538,Seattle Slapshots,1633,-96,34.0,5.2,60.8,2,2,Tie,12,1550
09/27/26,Seattle Slapshots,1633,Seal Team Sticks,1538,96,60.8,5.2,34.0,2,2,Tie,-12,1621
09/27/26,Pythons,1820,Scrooge McPuck,1535,286,82.3,3.0,14.7,10,2,Win,32,1852
09/27/26,Scrooge McPuck,1535,Pythons,1820,-286,14.7,3.0,82.3,2,10,Loss,-32,1503
09/27/26,Monarchs 6,2595,Rainier Reindeer HC-6,2597,-2,46.9,5.6,47.5,3,3,Tie,2,2598
09/27/26,Rainier Reindeer HC-6,2597,Monarchs 6,2595,2,47.5,5.6,46.9,3,3,Tie,-2,2595
09/27/26,Monarchs 5,2643,Seattle Warriors,2658,-15,45.1,5.6,49.3,3,4,Loss,-34,2610
09/27/26,Seattle Warriors,2658,Monarchs 5,2643,15,49.3,5.6,45.1,4,3,Win,34,2692
09/27/26,Glow Sticks,1785,Pond Pigeons,1718,67,56.8,5.4,37.8,3,1,Win,49,1833
09/27/26,Pond Pigeons,1718,Glow Sticks,1785,-67,37.8,5.4,56.8,1,3,Loss,-49,1669
09/27/26,Honey Badgers,2587,Flying Monkeys,2605,-18,44.6,5.6,49.9,0,0,Tie,4,2591
09/27/26,Flying Monkeys,2605,Honey Badgers,2587,18,49.9,5.6,44.6,0,0,Tie,-4,2601
09/27/26,Blackouts,1819,Spittin'' Llamas,1749,70,57.2,5.4,37.4,8,4,Win,60,1879
09/27/26,Spittin'' Llamas,1749,Blackouts,1819,-70,37.4,5.4,57.2,4,8,Loss,-60,1689
09/27/26,Roughnecks Mobile Infantry,1817,Orcas,1925,-108,32.4,5.1,62.5,2,3,Loss,-24,1793
09/27/26,Orcas,1925,Roughnecks Mobile Infantry,1817,108,62.5,5.1,32.4,3,2,Win,24,1949
09/27/26,Mad Dawgs,2411,Blades,2566,-155,26.7,4.6,68.7,2,4,Loss,-30,2381
09/27/26,Blades,2566,Mad Dawgs,2411,155,68.7,4.6,26.7,4,2,Win,30,2596
09/27/26,Trash Pandas,2675,Barrel Aged Brewzers,2402,273,81.2,3.2,15.6,0,2,Loss,-91,2584
09/27/26,Barrel Aged Brewzers,2402,Trash Pandas,2675,-273,15.6,3.2,81.2,2,0,Win,91,2493
09/27/26,Hackers,2324,Mudflaps,2581,-258,16.8,3.4,79.8,1,7,Loss,-27,2297
09/27/26,Mudflaps,2581,Hackers,2324,258,79.8,3.4,16.8,7,1,Win,27,2608
09/27/26,Chucklepucks,2349,Hampton West Hockey Club,2448,-99,33.6,5.2,61.3,3,3,Tie,12,2361
09/27/26,Hampton West Hockey Club,2448,Chucklepucks,2349,99,61.3,5.2,33.6,3,3,Tie,-12,2436
09/27/26,Raiders,2329,Not Sure 6,2313,16,49.5,5.6,44.9,2,3,Loss,-37,2292
09/27/26,Not Sure 6,2313,Raiders,2329,-16,44.9,5.6,49.5,3,2,Win,37,2350
09/27/26,Cascadians HC,2328,Real Bacon,2294,34,52.1,5.5,42.3,5,5,Tie,-2,2326
09/27/26,Real Bacon,2294,Cascadians HC,2328,-34,42.3,5.5,52.1,5,5,Tie,2,2295
09/27/26,Maelstrom,957,Mad Hat Tricks,1006,-48,40.3,5.5,54.2,5,3,Win,67,1025
09/27/26,Mad Hat Tricks,1006,Maelstrom,957,48,54.2,5.5,40.3,3,5,Loss,-67,939
09/27/26,Puckleberries,942,The Axolotls,1198,-256,16.9,3.4,79.7,0,2,Loss,-19,922
09/27/26,The Axolotls,1198,Puckleberries,942,256,79.7,3.4,16.9,2,0,Win,19,1217
09/27/26,Galactic Penguins,869,Redrum,882,-13,45.4,5.6,49.0,2,2,Tie,3,873
09/27/26,Redrum,882,Galactic Penguins,869,13,49.0,5.6,45.4,2,2,Tie,-3,878
09/27/26,Beer Dragons,952,Banana Blades,873,79,58.5,5.3,36.2,2,3,Loss,-44,908
09/27/26,Banana Blades,873,Beer Dragons,952,-79,36.2,5.3,58.5,3,2,Win,44,917
09/27/26,Rip-Its,1201,Gremlins Hockey,1082,119,64.0,5.0,31.0,3,3,Tie,-10,1191
09/27/26,Gremlins Hockey,1082,Rip-Its,1201,-119,31.0,5.0,64.0,3,3,Tie,10,1093
09/27/26,Spicy Kittens HC-9,1006,Ice Breakers,1243,-237,18.5,3.6,77.9,6,5,Win,61,1067
09/27/26,Ice Breakers,1243,Spicy Kittens HC-9,1006,237,77.9,3.6,18.5,5,6,Loss,-61,1182
09/27/26,Purple Puck Eaters,1179,Red Zeppelin,1178,1,47.3,5.6,47.1,2,10,Loss,-84,1094
09/27/26,Red Zeppelin,1178,Purple Puck Eaters,1179,-1,47.1,5.6,47.3,10,2,Win,84,1262
09/27/26,Yacht Flippers,1380,Tropical Punchers,1238,142,67.0,4.8,28.3,2,4,Loss,-75,1305
09/27/26,Tropical Punchers,1238,Yacht Flippers,1380,-142,28.3,4.8,67.0,4,2,Win,75,1314
09/27/26,Hungry Hatchlings,1524,Khaos,1618,-94,34.2,5.2,60.6,7,3,Win,92,1617
09/27/26,Khaos,1618,Hungry Hatchlings,1524,94,60.6,5.2,34.2,3,7,Loss,-92,1525
09/27/26,Fighting Clams,1250,Thursday Cryptids,1151,98,61.2,5.2,33.7,4,2,Win,44,1293
09/27/26,Thursday Cryptids,1151,Fighting Clams,1250,-98,33.7,5.2,61.2,2,4,Loss,-44,1108
09/27/26,Blackbirds,1597,Mighty Moose,1572,26,50.9,5.6,43.5,2,1,Win,37,1634
09/27/26,Mighty Moose,1572,Blackbirds,1597,-26,43.5,5.6,50.9,1,2,Loss,-37,1535
09/27/26,Rainiers,1816,SEA Cucumbers,1581,235,77.6,3.7,18.7,5,0,Win,34,1850
09/27/26,SEA Cucumbers,1581,Rainiers,1816,-235,18.7,3.7,77.6,0,5,Loss,-34,1547
09/27/26,Trash Pandas Garbage Legacy,2094,Quacken,2112,-17,44.7,5.6,49.7,1,0,Win,41,2136
09/27/26,Quacken,2112,Trash Pandas Garbage Legacy,2094,17,49.7,5.6,44.7,0,1,Loss,-41,2070
09/27/26,Orange Crush,1536,Rainier Reindeers HC-9,1315,222,76.3,3.8,19.9,4,2,Win,27,1563
09/27/26,Rainier Reindeers HC-9,1315,Orange Crush,1536,-222,19.9,3.8,76.3,2,4,Loss,-27,1288
09/27/26,Seattle Freeze,2163,Birrds,2031,131,65.6,4.9,29.5,9,2,Win,58,2221
09/27/26,Birrds,2031,Seattle Freeze,2163,-131,29.5,4.9,65.6,2,9,Loss,-58,1973
09/27/26,LKI,1872,Bandits,1907,-35,42.3,5.5,52.2,4,4,Tie,6,1878
09/27/26,Bandits,1907,LKI,1872,35,52.2,5.5,42.3,4,4,Tie,-6,1901
09/27/26,Seattle Seals,2079,Fluffy Bunnies,2077,1,47.4,5.6,47.0,6,3,Win,69,2148
09/27/26,Fluffy Bunnies,2077,Seattle Seals,2079,-1,47.0,5.6,47.4,3,6,Loss,-69,2008
09/27/26,Los Tigres,2035,BLU Bombers,1991,44,53.5,5.5,41.0,2,8,Loss,-85,1950
09/27/26,BLU Bombers,1991,Los Tigres,2035,-44,41.0,5.5,53.5,8,2,Win,85,2076
09/27/26,Iced Awesome,1881,Lagooners,1869,11,48.8,5.6,45.6,1,4,Loss,-64,1817
09/27/26,Lagooners,1869,Iced Awesome,1881,-11,45.6,5.6,48.8,4,1,Win,64,1934
09/27/26,Nordekes,1803,Seattle Dogs,1926,-123,30.5,4.9,64.6,3,2,Win,52,1855
09/27/26,Seattle Dogs,1926,Nordekes,1803,123,64.6,4.9,30.5,2,3,Loss,-52,1874
09/28/26,Wranglers,2643,Squids,2369,275,81.4,3.2,15.5,2,2,Tie,-24,2620
09/28/26,Squids,2369,Wranglers,2643,-275,15.5,3.2,81.4,2,2,Tie,24,2392
09/28/26,Midnight Twist,2686,PussyCats,2653,33,51.9,5.6,42.5,1,4,Loss,-68,2618
09/28/26,PussyCats,2653,Midnight Twist,2686,-33,42.5,5.6,51.9,4,1,Win,68,2722
09/28/26,Cherry Pickers,2547,Dirty Couch Hockey Club,2728,-182,23.9,4.3,71.8,2,2,Tie,20,2566
09/28/26,Dirty Couch Hockey Club,2728,Cherry Pickers,2547,182,71.8,4.3,23.9,2,2,Tie,-20,2709
09/28/26,Lumberjacks,2886,Brewzers OGB,2850,36,52.4,5.5,42.1,5,7,Loss,-59,2827
09/28/26,Brewzers OGB,2850,Lumberjacks,2886,-36,42.1,5.5,52.4,7,5,Win,59,2909
09/28/26,Ice-O-Topes,3049,Renegades,2768,280,81.8,3.1,15.1,4,6,Loss,-92,2957
09/28/26,Renegades,2768,Ice-O-Topes,3049,-280,15.1,3.1,81.8,6,4,Win,92,2861
09/28/26,Dead Rabbits,3030,Not Sure 5,2908,123,64.5,5.0,30.5,10,3,Win,60,3090
09/28/26,Not Sure 5,2908,Dead Rabbits,3030,-123,30.5,5.0,64.5,3,10,Loss,-60,2848
09/28/26,Reapers,2751,Alpuckas,3062,-311,12.9,2.7,84.4,2,6,Loss,-18,2733
09/28/26,Alpuckas,3062,Reapers,2751,311,84.4,2.7,12.9,6,2,Win,18,3080
09/28/26,Moose Knuckle,3174,Dumpster Fire,3015,159,69.2,4.6,26.3,5,2,Win,40,3215
09/28/26,Dumpster Fire,3015,Moose Knuckle,3174,-159,26.3,4.6,69.2,2,5,Loss,-40,2975
09/28/26,Stingers,3016,Seals,3001,16,49.4,5.6,45.0,4,2,Win,57,3073
09/28/26,Seals,3001,Stingers,3016,-16,45.0,5.6,49.4,2,4,Loss,-57,2944
09/28/26,Bullets,2788,Piranhas,2920,-133,29.4,4.9,65.8,3,8,Loss,-44,2744
09/28/26,Piranhas,2920,Bullets,2788,133,65.8,4.9,29.4,8,3,Win,44,2964
09/28/26,Jokres,2609,Icemen,2593,16,49.5,5.6,44.9,7,2,Win,76,2685
09/28/26,Icemen,2593,Jokres,2609,-16,44.9,5.6,49.5,2,7,Loss,-76,2517
09/28/26,Fossils,2679,Mighty Boosh,2310,369,88.3,2.1,9.6,4,1,Win,15,2695
09/28/26,Mighty Boosh,2310,Fossils,2679,-369,9.6,2.1,88.3,1,4,Loss,-15,2295
09/29/26,Seagulls,3055,Yetis,2905,150,68.0,4.7,27.3,6,3,Win,42,3097
09/29/26,Yetis,2905,Seagulls,3055,-150,27.3,4.7,68.0,3,6,Loss,-42,2863
09/29/26,WKUTP-5,3156,BSOD,3053,103,61.9,5.1,33.0,4,3,Win,29,3185
09/29/26,BSOD,3053,WKUTP-5,3156,-103,33.0,5.1,61.9,3,4,Loss,-29,3024
09/29/26,Greasy Weasels,3271,DevilFish,3252,18,49.9,5.6,44.6,3,3,Tie,0,3271
09/29/26,DevilFish,3252,Greasy Weasels,3271,-18,44.6,5.6,49.9,3,3,Tie,0,3252
09/29/26,Skateful Dead,3500,Steelhead,3428,72,57.5,5.4,37.1,4,2,Win,48,3548
09/29/26,Steelhead,3428,Skateful Dead,3500,-72,37.1,5.4,57.5,2,4,Loss,-48,3381
09/29/26,Goal Diggers,3627,Chinooks,3488,139,66.6,4.8,28.6,2,2,Tie,-12,3615
09/29/26,Chinooks,3488,Goal Diggers,3627,-139,28.6,4.8,66.6,2,2,Tie,12,3501
09/29/26,Wolves,3227,Top Cheddar,3257,-29,43.0,5.6,51.4,4,3,Win,43,3270
09/29/26,Top Cheddar,3257,Wolves,3227,29,51.4,5.6,43.0,3,4,Loss,-43,3214
09/29/26,Maple Bars,3473,Mighty Mallards,3422,52,54.6,5.5,39.9,6,4,Win,51,3524
09/29/26,Mighty Mallards,3422,Maple Bars,3473,-52,39.9,5.5,54.6,4,6,Loss,-51,3371
09/30/26,Breakers,3527,Night Owls,3393,135,66.0,4.8,29.1,3,3,Tie,-12,3515
09/30/26,Night Owls,3393,Breakers,3527,-135,29.1,4.8,66.0,3,3,Tie,12,3405
09/30/26,Hooligans,3143,Schilling Cider,3275,-132,29.5,4.9,65.6,3,6,Loss,-39,3104
09/30/26,Schilling Cider,3275,Hooligans,3143,132,65.6,4.9,29.5,6,3,Win,39,3313
09/30/26,Kraken Up,3377,Skeletons,3426,-49,40.2,5.5,54.3,5,4,Win,45,3422
09/30/26,Skeletons,3426,Kraken Up,3377,49,54.3,5.5,40.2,4,5,Loss,-45,3381
09/30/26,Sabercats,3498,Coconut Corgis,3342,156,68.8,4.6,26.6,2,4,Loss,-77,3421
09/30/26,Coconut Corgis,3342,Sabercats,3498,-156,26.6,4.6,68.8,4,2,Win,77,3419
09/30/26,Red Dog,4012,Fighting Narwhals,3988,24,50.7,5.6,43.7,5,2,Win,65,4077
09/30/26,Fighting Narwhals,3988,Red Dog,4012,-24,43.7,5.6,50.7,2,5,Loss,-65,3923
09/30/26,Seattle Supernova,4132,Mustangs,4092,39,52.8,5.5,41.6,4,4,Tie,-2,4129
09/30/26,Mustangs,4092,Seattle Supernova,4132,-39,41.6,5.5,52.8,4,4,Tie,2,4095
09/30/26,Puckbuddies,3874,MMHC,3752,122,64.3,5.0,30.7,8,1,Win,60,3934
09/30/26,MMHC,3752,Puckbuddies,3874,-122,30.7,5.0,64.3,1,8,Loss,-60,3692
09/30/26,Shockers,3747,Bombers,3743,4,47.8,5.6,46.6,2,3,Loss,-36,3711
09/30/26,Bombers,3743,Shockers,3747,-4,46.6,5.6,47.8,3,2,Win,36,3779
10/01/26,Rhinos,3964,The Herd,3964,0,47.2,5.6,47.2,8,4,Win,74,4038
10/01/26,The Herd,3964,Rhinos,3964,0,47.2,5.6,47.2,4,8,Loss,-74,3890
10/01/26,Pheasants,3990,The Mighty Geoducks,4094,-104,32.9,5.1,62.0,5,7,Loss,-37,3953
10/01/26,The Mighty Geoducks,4094,Pheasants,3990,104,62.0,5.1,32.9,7,5,Win,37,4131
10/01/26,Eagles,3996,Sasquatch,3850,146,67.5,4.7,27.7,7,7,Tie,-13,3983
10/01/26,Sasquatch,3850,Eagles,3996,-146,27.7,4.7,67.5,7,7,Tie,13,3863
10/01/26,Pull Tab Bandits,4095,Puget Sound Pigeons,3757,338,86.3,2.4,11.3,2,2,Tie,-27,4068
10/01/26,Puget Sound Pigeons,3757,Pull Tab Bandits,4095,-338,11.3,2.4,86.3,2,2,Tie,27,3784
10/01/26,Black Katz,2854,Highlanders,2828,26,50.9,5.6,43.5,2,4,Loss,-57,2796
10/01/26,Highlanders,2828,Black Katz,2854,-26,43.5,5.6,50.9,4,2,Win,57,2885
10/01/26,Northwest Crabs,4418,The Brigade,4160,258,79.9,3.4,16.7,6,2,Win,28,4446
10/01/26,The Brigade,4160,Northwest Crabs,4418,-258,16.7,3.4,79.9,2,6,Loss,-28,4131
10/01/26,Chiefs,4143,Mavericks,4228,-85,35.3,5.3,59.4,6,6,Tie,11,4154
10/01/26,Mavericks,4228,Chiefs,4143,85,59.4,5.3,35.3,6,6,Tie,-11,4217
10/01/26,NW Stars,4353,ALTP,4521,-168,25.3,4.5,70.2,5,7,Loss,-28,4325
10/01/26,ALTP,4521,NW Stars,4353,168,70.2,4.5,25.3,7,5,Win,28,4550
10/01/26,Falcons,4303,ESB,4244,59,55.7,5.4,38.9,6,9,Loss,-73,4230
10/01/26,ESB,4244,Falcons,4303,-59,38.9,5.4,55.7,9,6,Win,73,4317
10/01/26,LLUA,3384,Edible Arrangements,3270,113,63.3,5.0,31.7,5,4,Win,28,3411
10/01/26,Edible Arrangements,3270,LLUA,3384,-113,31.7,5.0,63.3,4,5,Loss,-28,3243
