GD,ELO Delta
3,322
5,91
1,371
5,133
4,81
1,78
0,109
3,11
6,110
1,10
1,90
1,18
1,485
3,6
1,0
2,227
3,260
6,159
0,332
5,252
6,173
8,130
7,34
4,37
4,34
7,120
5,5
6,86
0,266
2,223
1,20
2,275
0,273
0,97
1,201
7,37
1,282
2,158
0,49
4,126
3,33
2,353
5,312
2,181
4,205
3,178
2,201
1,114
3,38
2,133
1,188
2,298
1,128
4,106
1,133
0,286
1,189
2,321
0,125
4,31
1,85
5,135
2,82
3,34
1,54
1,11
5,296
3,114
8,91
2,117
0,86
4,131
4,158
1,12
5,35
3,296
5,157
5,203
1,90
0,119
10,11
4,133
6,199
1,41
3,22
3,107
1,56
1,69
3,117
2,170
8,394
0,282
0,184
4,188
2,147
8,228
1,35
1,47
1,51
3,137
3,347
2,5
4,80
2,123
2,272
2,58
1,128
5,180
1,329
2,213
1,95
5,113
7,182
1,75
4,47
6,201
3,71
7,11
5,112
2,490
6,9
5,29
2,8
0,283
1,13
4,157
2,82
5,293
4,23
9,303
0,291
1,52
2,218
3,316
2,191
2,23
1,474
3,285
12,345
3,362
1,82
2,5
1,119
2,37
4,124
7,145
1,2
0,117
3,209
3,227
1,130
8,229
2,219
1,29
3,86
3,3
0,1
4,172
1,209
1,153
3,66
3,69
4,35
7,409
3,51
1,135
2,8
1,194
3,83
6,347
7,16
0,1
3,134
3,85
0,165
4,199
1,157
2,149
2,356
6,99
0,37
6,100
4,17
3,61
3,45
1,450
1,140
2,98
3,82
3,261
6,49
3,292
3,22
4,3
5,356
1,114
4,90
2,344
5,90
5,82
0,32
0,116
3,76
2,12
5,281
3,31
3,35
0,189
5,244
0,0
1,410
6,282
1,109
2,131
2,122
4,345
0,1
8,354
1,22
3,51
7,294
2,54
6,324
3,203
2,176
6,133
4,310
2,47
5,182
2,153
2,41
6,256
1,96
1,63
2,16
1,131
1,28
1,57
0,142
1,223
3,8
3,21
1,61
2,13
1,323
0,64
2,116
2,71
3,145
1,115
0,239
2,127
4,66
3,127
4,71
2,1
5,245
4,332
3,86
1,32
1,94
2,124
3,462
1,222
3,34
5,167
4,4
7,167
1,215
7,127
3,101
2,179
4,439
5,219
3,271
1,248
2,300
1,252
2,86
0,124
0,14
3,70
5,191
5,145
1,180
3,104
5,6
2,59
0,100
1,36
2,227
0,85
1,225
4,122
5,223
4,205
10,103
15,76
3,77
1,102
0,100
0,26
5,24
7,132
4,134
10,221
5,362
12,24
2,182
3,295
8,160
6,14
2,93
6,12
7,83
4,45
3,113
1,161
3,73
8,64
1,86
7,176
4,38
2,193
1,140
7,166
2,38
1,179
3,242
6,157
2,280
1,173
2,146
1,194
1,139
4,95
2,48
2,297
2,202
2,104
2,212
0,167
0,5
1,107
8,295
0,52
3,23
2,139
3,158
0,45
1,144
2,4
3,73
8,46
0,125
2,150
1,67
5,53
1,185
3,28
7,175
4,116
3,26
6,180
2,179
1,87
2,136
2,199
4,189
5,25
3,68
3,40
2,312
1,50
1,63
1,44
8,3
4,21
2,25
5,65
11,12
3,141
4,285
4,155
2,98
1,14
2,309
3,67
0,138
4,103
0,245
3,102
0,101
1,84
4,24
2,241
2,70
4,8
3,317
7,15
1,361
7,203
2,100
0,152
3,319
2,239
2,325
2,7
1,74
0,91
0,130
1,221
2,239
1,53
4,160
1,264
4,195
2,22
6,86
3,66
15,393
5,194
7,17
5,141
4,155
2,154
1,35
7,1
2,325
1,319
1,42
2,9
1,291
2,50
7,172
3,55
0,185
4,20
7,93
8,113
1,30
4,43
4,87
3,78
2,19
2,42
2,212
2,267
1,57
3,99
5,22
0,309
3,66
1,2
1,162
4,32
0,90
3,67
4,24
5,177
2,67
8,200
2,151
0,15
5,87
3,133
2,101
10,147
4,1
3,213
1,292
6,321
2,208
3,127
0,181
10,310
2,214
1,10
1,206
2,69
1,159
0,256
0,261
0,245
5,68
1,124
0,64
2,241
3,85
3,22
5,199
2,135
2,151
2,88
3,188
7,217
3,115
1,68
1,98
5,331
1,200
1,306
1,151
0,271
3,262
1,191
2,142
2,150
4,389
3,86
3,74
4,97
3,116
4,206
1,92
3,11
4,130
6,145
7,190
0,392
2,27
0,96
0,97
2,128
3,26
3,13
4,210
4,341
7,221
4,134
3,228
8,163
4,118
1,258
1,61
1,179
5,169
4,350
1,232
3,12
1,193
5,132
2,289
0,210
7,48
6,2
3,12
0,281
0,287
4,13
2,58
1,323
2,178
1,83
3,161
5,311
3,84
5,177
2,133
8,205
4,29
2,201
2,36
2,60
0,207
3,36
0,12
6,331
1,168
1,7
4,122
0,288
4,169
5,103
1,192
2,85
2,76
3,112
7,292
0,152
1,254
4,90
3,88
3,197
1,244
3,381
2,412
5,3
1,145
1,19
3,272
2,39
5,105
1,28
4,67
5,99
9,40
1,11
0,209
2,110
3,12
1,285
1,94
2,24
2,177
1,273
3,288
2,265
0,295
2,131
1,216
0,45
5,124
7,94
4,219
2,258
3,222
1,73
1,156
4,19
2,155
2,110
1,6
2,104
1,32
4,0
4,448
1,219
3,196
3,100
3,43
6,13
2,74
3,150
1,138
8,85
2,58
9,174
1,93
3,176
5,135
3,129
2,124
3,26
7,164
1,143
3,34
1,75
2,83
0,142
4,310
3,338
6,39
4,180
2,58
7,405
0,47
6,61
2,81
4,126
1,0
1,34
0,99
1,137
1,304
2,166
5,227
2,88
3,91
4,264
1,21
1,302
0,369
2,55
0,4
1,135
1,56
4,177
7,427
2,124
2,168
4,98
3,56
1,110
3,328
6,29
5,344
2,11
0,161
2,187
0,301
5,36
4,221
7,143
2,426
1,335
2,27
3,229
2,13
6,250
4,216
1,251
5,19
3,154
4,50
1,69
4,216
0,198
5,103
3,77
0,47
2,81
2,227
4,7
4,54
5,423
5,116
1,420
3,275
0,148
2,181
2,92
2,30
0,258
1,36
6,330
4,82
2,34
1,51
1,34
5,91
3,9
4,67
0,131
8,250
7,113
1,384
0,206
1,29
3,34
0,189
4,141
2,139
0,272
3,193
11,288
0,300
0,177
2,262
2,112
0,276
1,406
4,239
3,136
5,318
5,90
1,95
0,56
7,42
2,3
5,301
3,166
3,148
2,291
6,88
2,4
3,105
4,103
8,634
5,253
2,69
2,31
2,225
1,120
7,107
4,15
4,214
0,170
4,222
0,25
1,49
2,33
0,220
3,139
3,126
4,305
2,207
5,272
4,124
1,252
2,124
2,87
1,78
6,127
2,56
0,238
2,317
6,52
1,121
6,566
7,111
4,426
8,160
4,31
6,6
1,162
7,275
3,168
4,163
0,336
4,17
2,297
5,164
2,122
1,267
4,9
3,174
1,19
0,227
5,51
3,185
4,0
2,4
2,233
5,128
7,534
1,38
5,162
1,178
3,211
4,149
3,158
4,435
5,369
2,96
6,62
8,333
2,1
4,29
3,380
3,235
4,317
0,180
2,13
3,154
3,15
3,4
5,469
2,81
3,58
1,127
0,11
6,308
1,129
3,306
0,61
0,286
3,20
1,52
0,42
2,444
8,123
4,108
2,232
6,235
4,210
4,60
4,176
3,188
7,510
1,5
2,14
1,120
2,106
6,9
6,179
3,10
1,73
1,66
2,18
3,416
6,172
1,307
1,515
3,28
1,77
1,104
3,325
0,281
2,239
1,16
1,15
0,252
2,64
2,411
1,86
6,199
1,330
3,13
4,144
2,170
1,174
0,133
2,198
3,54
7,218
1,15
7,426
1,191
9,226
2,113
2,117
2,345
2,230
4,55
5,91
8,402
9,238
2,117
0,63
2,26
1,210
2,472
2,36
3,332
3,290
1,239
1,157
2,117
3,157
1,404
7,40
6,123
2,66
5,102
5,186
2,310
1,24
2,168
4,0
0,107
4,37
2,7
3,372
4,358
3,89
4,116
1,230
6,244
3,18
1,217
2,109
2,211
3,118
0,148
1,126
1,295
0,115
0,83
6,191
0,67
0,193
4,241
3,73
5,206
1,46
1,165
2,10
2,9
3,298
1,21
0,89
2,10
5,197
0,95
12,4
1,251
3,79
7,266
8,82
5,89
2,1
2,144
3,243
2,451
3,255
1,114
0,12
2,55
4,150
1,196
2,255
6,90
3,408
0,66
9,34
1,29
11,50
5,81
4,98
1,227
1,2
0,270
2,428
6,164
0,449
4,197
3,314
5,216
0,128
4,8
3,284
3,87
4,80
3,46
1,50
7,288
4,116
8,60
0,87
0,268
1,71
2,80
0,139
4,214
5,199
0,137
3,285
3,282
3,43
5,121
3,319
4,287
6,222
1,247
4,263
1,66
8,272
3,115
1,127
5,75
2,119
2,73
5,39
3,479
2,99
0,24
7,140
4,64
1,427
4,299
2,588
3,316
2,5
6,85
8,96
1,143
0,283
10,424
1,147
1,60
7,164
6,331
1,13
6,160
3,29
7,32
3,257
2,459
2,118
11,98
0,161
2,121
0,421
4,210
2,87
6,211
2,107
1,156
0,623
4,15
1,246
5,33
0,30
0,225
3,392
3,88
1,55
2,49
4,79
4,54
4,298
2,103
0,227
0,201
5,99
5,61
0,231
1,31
1,53
2,80
3,18
2,109
0,132
4,0
2,13
6,325
4,358
2,175
0,510
0,25
4,196
5,30
8,209
2,149
0,424
3,152
2,138
2,229
0,418
4,134
2,24
2,55
1,133
1,189
1,267
4,249
2,30
0,71
5,26
4,61
2,97
0,21
7,7
1,358
3,82
3,540
6,10
4,106
4,178
0,50
5,329
3,238
0,110
3,330
6,235
2,132
1,258
5,9
2,305
0,256
3,420
4,217
0,253
7,391
1,131
1,321
0,394
4,174
7,97
2,382
3,203
1,219
0,171
1,37
2,94
3,6
3,253
3,95
1,193
0,266
2,8
1,29
0,114
2,286
1,134
2,243
1,1
2,207
1,126
2,99
3,249
1,221
2,118
1,449
1,187
0,225
0,353
4,76
3,266
1,276
6,244
2,154
3,111
2,169
2,138
1,23
11,192
7,377
0,432
3,244
1,166
1,34
0,56
1,205
1,23
1,773
3,81
1,146
2,14
0,175
5,370
5,53
8,393
3,479
2,101
2,347
4,14
3,327
0,255
1,63
3,163
3,193
1,155
3,203
3,326
5,142
0,333
1,76
1,143
5,161
1,114
10,311
1,307
4,6
4,185
1,16
1,100
5,68
0,56
4,25
1,381
9,356
0,402
7,66
1,437
1,28
9,265
1,44
3,242
5,222
3,243
2,257
4,161
3,387
6,229
0,188
6,257
2,5
6,294
0,55
0,139
6,409
9,467
2,17
3,117
4,345
9,65
5,89
0,168
0,145
6,283
7,81
2,399
2,267
1,42
11,144
2,58
2,67
2,138
4,287
7,184
7,114
1,100
0,250
12,71
1,166
2,5
1,401
3,268
3,327
1,334
1,64
2,17
3,57
1,481
2,223
7,188
6,16
0,141
3,330
2,156
5,176
1,247
5,83
3,42
1,159
2,63
6,23
5,515
9,80
0,304
4,380
0,122
1,66
3,100
3,333
1,474
4,38
3,110
4,24
1,413
5,73
1,44
2,261
3,39
3,60
0,21
0,215
1,324
10,123
3,269
5,124
3,244
3,202
5,48
1,156
3,27
3,98
2,0
3,205
3,403
2,214
7,139
3,319
3,338
1,130
1,225
7,251
2,51
4,79
5,449
5,117
3,10
5,108
7,341
1,199
2,191
9,347
3,224
3,92
4,86
3,24
3,114
4,236
2,58
5,45
1,4
3,187
3,108
1,33
3,154
0,249
3,382
2,15
1,71
0,82
3,175
3,314
2,74
3,16
4,482
4,16
1,229
1,198
1,163
8,81
0,56
4,302
3,327
4,1
2,430
10,336
4,488
1,46
3,168
2,497
4,124
0,372
0,38
4,106
0,205
10,409
6,115
0,368
1,415
2,194
2,100
2,214
2,87
0,238
1,66
1,148
0,347
4,99
10,313
1,222
2,5
5,25
1,23
0,152
2,99
2,274
0,89
4,367
4,318
5,438
3,535
4,166
2,132
6,43
0,36
0,223
1,323
4,340
5,154
0,126
0,241
3,141
3,106
2,139
1,56
4,227
2,12
2,65
2,314
4,155
3,46
2,202
4,224
2,34
4,54
6,110
2,46
3,249
2,232
5,541
4,82
1,161
2,66
10,447
2,90
2,55
5,336
6,350
5,402
6,225
8,159
0,213
6,420
3,209
1,66
2,49
3,198
7,49
4,39
2,211
5,326
3,260
2,74
1,121
1,0
7,204
1,129
1,300
7,61
4,389
0,339
1,126
3,200
2,351
2,70
3,130
6,1
5,33
8,152
4,259
2,205
0,122
2,60
2,353
7,62
0,318
3,96
7,59
2,56
1,333
0,88
2,155
4,247
2,164
3,244
9,481
2,300
1,33
7,47
3,226
1,554
3,158
1,4
0,370
2,146
1,27
1,273
1,38
1,10
8,327
5,122
3,282
2,91
2,173
1,296
3,23
6,52
3,97
1,194
0,23
3,305
2,0
3,255
5,22
1,7
2,187
2,226
4,0
3,270
1,155
3,194
4,323
0,23
4,216
3,309
3,202
0,123
5,351
6,289
2,167
8,482
1,181
2,179
5,199
2,220
7,56
5,416
3,381
1,179
0,241
2,79
6,265
4,20
3,238
2,181
0,425
2,140
3,124
1,291
2,129
4,530
0,197
1,34
4,143
5,308
3,448
5,324
0,123
1,33
6,209
2,117
1,119
8,197
6,318
1,248
1,85
1,252
1,52
6,165
1,252
2,317
0,237
2,108
3,184
1,71
10,94
1,88
4,169
1,410
0,338
2,264
0,149
1,501
7,534
7,149
2,133
1,259
1,403
1,91
2,133
0,112
5,441
3,383
7,158
1,157
0,94
2,211
3,562
2,176
2,293
2,487
2,392
0,35
0,250
6,308
1,198
1,181
1,228
4,439
0,2
1,105
3,246
4,74
5,326
1,284
1,195
9,210
1,5
2,71
3,3
4,97
1,92
2,70
3,127
6,303
1,108
1,253
3,126
5,56
1,441
1,176
1,23
2,43
1,125
2,96
1,299
2,223
2,87
2,193
1,272
1,126
4,219
3,42
1,148
3,73
4,102
4,43
3,65
2,33
1,99
3,9
4,641
3,196
2,215
3,118
1,83
1,375
3,384
4,268
4,286
3,214
3,190
1,132
4,284
1,241
2,233
1,228
1,253
2,107
5,484
1,96
3,27
0,127
0,97
1,106
2,297
1,216
2,146
4,206
2,274
6,12
1,71
4,383
3,161
6,425
3,12
5,243
3,230
5,115
2,16
1,133
4,137
1,24
11,144
1,68
1,34
2,101
3,74
6,237
2,66
1,76
2,204
1,168
1,176
8,5
6,2
2,215
1,104
5,219
3,401
1,86
3,404
2,44
2,289
3,296
4,41
6,227
1,32
2,159
2,110
6,247
1,455
2,40
1,309
8,221
6,328
1,55
2,81
1,214
4,76
3,160
3,29
7,2
1,98
1,83
2,134
1,92
5,80
4,373
1,349
5,70
2,82
6,98
5,72
1,28
3,31
1,117
1,97
5,85
3,28
4,197
3,295
1,23
2,47
4,111
4,95
2,72
1,12
1,146
2,151
3,22
5,72
1,85
3,188
4,153
3,164
6,187
4,230
2,466
5,183
2,141
1,0
1,344
2,102
1,119
1,174
2,82
2,115
3,91
3,141
1,140
1,6
1,235
3,133
1,287
1,115
1,213
1,129
1,59
3,90
2,155
1,60
1,71
5,103
1,127
1,135
3,79
1,191
1,17
3,76
5,52
1,104
2,53
2,42
2,207
2,229
2,15
2,108
7,139
1,134
3,15
3,114
2,128
5,77
1,91
1,285
3,112
5,89
3,150
1,158
1,141
3,43
1,74
5,75
2,7
1,58
2,284
1,120
1,298
1,268
1,60
2,242
1,195
1,16
2,79
0,257
1,220
2,66
1,125
2,75
2,66
1,75
3,59
1,123
4,9
1,161
1,118
2,23
1,121
1,264
1,74
1,170
1,29
1,111
3,221
1,92
7,16
2,51
1,103
3,166
