,Date,Arena,Away Team,Away Score,Home Team,Home Score,Away Division,Home Division,Game Type,Game_ID,Away ELO Prior,Away EA,Away ELO Posterior,Away Delta,Home ELO Prior,Home EA,Home ELO Posterior,Home Delta
0,09/20/26,KCI Starbucks Rink,The Axolotls,3,Maelstrom,1,Division 10,Division 10,REG,09/20/26_The Axolotls_@_Maelstrom,1165,73.3,1198,33,990,26.7,957,-33
1,09/20/26,Olympic View Arena,Banana Blades,5,Galactic Penguins,0,Division 10,Division 10,REG,09/20/26_Banana Blades_@_Galactic Penguins,750,19.9,873,123,992,80.1,869,-123
2,09/20/26,Kent Valley Ice Centre,Gremlins Hockey,2,Beer Dragons,1,Division 9,Division 10,REG,09/20/26_Gremlins Hockey_@_Beer Dragons,1050,59.4,1082,32,984,40.6,952,-32
3,09/20/26,KCI Starbucks Rink,Red Zeppelin,4,Ice Breakers,3,Division 9,Division 9,REG,09/20/26_Red Zeppelin_@_Ice Breakers,1121,26.3,1178,57,1300,73.7,1243,-57
4,09/20/26,KCI VMFH Rink,Tropical Punchers,3,Spicy Kittens HC-9,0,Division 9,Division 9,REG,09/20/26_Tropical Punchers_@_Spicy Kittens HC-9,1196,70.1,1238,42,1048,29.9,1006,-42
5,09/20/26,Olympic View Arena,Thursday Cryptids,2,Rainier Reindeers HC-9,3,Division 9,Division 9,REG,09/20/26_Thursday Cryptids_@_Rainier Reindeers HC-9,1175,33.9,1151,-24,1291,66.1,1315,24
6,09/20/26,accesso ShoWare Center,Puckleberries,0,Rip-Its,9,Division 10,Division 10,REG,09/20/26_Puckleberries_@_Rip-Its,990,28.1,942,-48,1153,71.9,1201,48
7,09/20/26,Kent Valley Ice Centre,Blackbirds,9,Fighting Clams,2,Division 9,Division 9,REG,09/20/26_Blackbirds_@_Fighting Clams,1568,84.1,1597,29,1279,15.9,1250,-29
8,09/20/26,Angel of the Winds Arena,Orange Crush,2,Mighty Moose,5,Division 8,Division 9,REG,09/20/26_Orange Crush_@_Mighty Moose,1624,69.1,1536,-88,1484,30.9,1572,88
9,09/20/26,KCI Starbucks Rink,Division 10B Purple,0,Redrum,9,Division 10,Division 10,REG,09/20/26_Division 10B Purple_@_Redrum,990,81.5,840,-150,732,18.5,882,150
10,09/20/26,Everett Comm Ice Rink,SEA Cucumbers,1,Hungry Hatchlings,1,Division 8,Division 8,REG,09/20/26_SEA Cucumbers_@_Hungry Hatchlings,1586,59.5,1581,-5,1519,40.5,1524,5
11,09/20/26,KCI VMFH Rink,Rainiers,3,Toe Dragons,4,Division 8,Division 8,REG,09/20/26_Rainiers_@_Toe Dragons,1878,84.1,1816,-62,1588,15.9,1650,62
12,09/20/26,KCI Smartsheet Rink,Seal Team Sticks,0,Pythons,6,Division 8,Division 8,REG,09/20/26_Seal Team Sticks_@_Pythons,1570,22.2,1538,-32,1788,77.8,1820,32
13,09/20/26,accesso ShoWare Center,Yacht Flippers,4,Purple Puck Eaters,2,Division 9,Division 9,REG,09/20/26_Yacht Flippers_@_Purple Puck Eaters,1340,66.7,1380,40,1219,33.3,1179,-40
14,09/20/26,Kent Valley Ice Centre,Glow Sticks,11,Seattle Slapshots,1,Division 8,Division 8,REG,09/20/26_Glow Sticks_@_Seattle Slapshots,1648,33.1,1785,137,1770,66.9,1633,-137
15,09/20/26,Angel of the Winds Arena,Scrooge McPuck,0,Spittin'' Llamas,8,Division 8,Division 8,REG,09/20/26_Scrooge McPuck_@_Spittin'' Llamas,1596,37.1,1535,-61,1688,62.9,1749,61
16,09/20/26,KCI Starbucks Rink,Pond Pigeons,2,Blackouts,6,Division 8,Division 8,REG,09/20/26_Pond Pigeons_@_Blackouts,1795,57.6,1718,-77,1742,42.4,1819,77
17,09/20/26,Everett Comm Ice Rink,Monarchs 6,5,Icemen,7,Division 6,Division 6,REG,09/20/26_Monarchs 6_@_Icemen,2673,71.3,2595,-78,2515,28.7,2593,78
18,09/20/26,KCI VMFH Rink,Seattle Dogs,5,Roughnecks Mobile Infantry,3,Division 7,Division 7,REG,09/20/26_Seattle Dogs_@_Roughnecks Mobile Infantry,1864,47.8,1926,62,1879,52.2,1817,-62
19,09/20/26,KCI Smartsheet Rink,Nordekes,2,Lagooners,4,Division 7,Division 7,REG,09/20/26_Nordekes_@_Lagooners,1865,58.3,1803,-62,1807,41.7,1869,62
20,09/20/26,Kent Valley Ice Centre,Iced Awesome,4,BLU Bombers,7,Division 7,Division 7,REG,09/20/26_Iced Awesome_@_BLU Bombers,1947,53.2,1881,-66,1925,46.8,1991,66
21,09/20/26,accesso ShoWare Center,Khaos,3,Purple Reign,8,Division 8,Division 8,REG,09/20/26_Khaos_@_Purple Reign,1740,83.0,1618,-122,1464,17.0,1586,122
22,09/20/26,Angel of the Winds Arena,LKI,0,Seattle Seals,4,Division 7,Division 7,REG,09/20/26_LKI_@_Seattle Seals,1916,33.5,1872,-44,2035,66.5,2079,44
23,09/20/26,KCI Starbucks Rink,Division 10B Red,0,Mad Hat Tricks,7,Division 10,Division 10,REG,09/20/26_Division 10B Red_@_Mad Hat Tricks,990,61.9,890,-100,906,38.1,1006,100
24,09/20/26,Everett Comm Ice Rink,Cascadians HC,7,Los Tigres,1,Division 7,Division 7,REG,09/20/26_Cascadians HC_@_Los Tigres,2289,77.5,2328,39,2074,22.5,2035,-39
25,09/20/26,KCI VMFH Rink,Quacken,5,Birrds,1,Division 7,Division 7,REG,09/20/26_Quacken_@_Birrds,2016,34.5,2112,96,2127,65.5,2031,-96
26,09/20/26,KCI Smartsheet Rink,Fluffy Bunnies,1,Seattle Freeze,6,Division 7,Division 7,REG,09/20/26_Fluffy Bunnies_@_Seattle Freeze,2169,63.7,2077,-92,2071,36.3,2163,92
27,09/20/26,Kent Valley Ice Centre,Not Sure 6,2,Chucklepucks,3,Division 6,Division 7,REG,09/20/26_Not Sure 6_@_Chucklepucks,2353,56.3,2313,-40,2309,43.7,2349,40
28,09/20/26,Olympic View Arena,Real Bacon,1,Trash Pandas Garbage Legacy,0,Division 7,Division 7,REG,09/20/26_Real Bacon_@_Trash Pandas Garbage Legacy,2270,70.6,2294,24,2118,29.4,2094,-24
29,09/20/26,accesso ShoWare Center,Spicy Kittens HC-8,3,Bandits,8,Division 8,Division 8,REG,09/20/26_Spicy Kittens HC-8_@_Bandits,1760,36.5,1709,-51,1856,63.5,1907,51
30,09/20/26,Angel of the Winds Arena,Mudflaps,4,Raiders,2,Division 6,Division 6,REG,09/20/26_Mudflaps_@_Raiders,2551,75.1,2581,30,2359,24.9,2329,-30
31,09/20/26,KCI Starbucks Rink,Hampton West Hockey Club,3,Trash Pandas,10,Division 6,Division 6,REG,09/20/26_Hampton West Hockey Club_@_Trash Pandas,2499,32.7,2448,-51,2624,67.3,2675,51
32,09/20/26,Everett Comm Ice Rink,Blades,7,Barrel Aged Brewzers,3,Division 6,Division 6,REG,09/20/26_Blades_@_Barrel Aged Brewzers,2497,53.7,2566,69,2471,46.3,2402,-69
33,09/20/26,KCI VMFH Rink,Wranglers,7,Hackers,0,Division 6,Division 6,REG,09/20/26_Wranglers_@_Hackers,2608,80.7,2643,35,2359,19.3,2324,-35
34,09/20/26,KCI Smartsheet Rink,Greenhorns,3,Mighty Boosh,2,Division 6,Division 6,REG,09/20/26_Greenhorns_@_Mighty Boosh,2429,62.5,2459,30,2340,37.5,2310,-30
35,09/20/26,Kent Valley Ice Centre,Seattle Warriors,9,Dumb Pucks,5,Division 6,Division 6,REG,09/20/26_Seattle Warriors_@_Dumb Pucks,2579,46.4,2658,79,2604,53.6,2525,-79
36,09/20/26,Olympic View Arena,Highlanders,3,Midnight Twist,2,Division 5,Division 5,REG,09/20/26_Highlanders_@_Midnight Twist,2797,61.3,2828,31,2717,38.7,2686,-31
37,09/20/26,Angel of the Winds Arena,Mad Dawgs,0,Rainier Reindeer HC-6,6,Division 6,Division 6,REG,09/20/26_Mad Dawgs_@_Rainier Reindeer HC-6,2471,40.6,2411,-60,2537,59.4,2597,60
38,09/20/26,KCI Starbucks Rink,Flying Monkeys ,2,Cherry Pickers,4,Division 6,Division 6,REG,09/20/26_Flying Monkeys _@_Cherry Pickers,2614,69.5,2538,-76,2471,30.5,2547,76
39,09/20/26,Everett Comm Ice Rink,Monarchs 5,10,Honey Badgers,4,Division 5,Division 6,REG,09/20/26_Monarchs 5_@_Honey Badgers,2521,25.3,2643,122,2709,74.7,2587,-122
40,09/21/26,Kent Valley Ice Centre,Dirty Couch Hockey Club,4,Jokres,1,Division 6,Division 6,REG,09/21/26_Dirty Couch Hockey Club_@_Jokres,2653,45.6,2728,75,2684,54.4,2609,-75
41,09/21/26,KCI Starbucks Rink,Squids,4,Fossils,6,Division 6,Division 6,REG,09/21/26_Squids_@_Fossils,2386,17.0,2369,-17,2662,83.0,2679,17
42,09/21/26,Kent Valley Ice Centre,Black Katz,8,PussyCats,2,Division 5,Division 5,REG,09/21/26_Black Katz_@_PussyCats,2783,58.4,2854,71,2724,41.6,2653,-71
43,09/21/26,KCI VMFH Rink,Seals,4,Piranhas,4,Division 5,Division 5,REG,09/21/26_Seals_@_Piranhas,3009,63.6,3001,-8,2912,36.4,2920,8
44,09/21/26,Everett Comm Ice Rink,Stingers,5,Bullets,2,Division 5,Division 5,REG,09/21/26_Stingers_@_Bullets,2973,69.4,3016,43,2831,30.6,2788,-43
45,09/21/26,Angel of the Winds Arena,Seagulls,6,Reapers,1,Division 5,Division 5,REG,09/21/26_Seagulls_@_Reapers,3022,79.7,3055,33,2784,20.3,2751,-33
46,09/21/26,Olympic View Arena,Not Sure 5,4,Renegades,2,Division 5,Division 5,REG,09/21/26_Not Sure 5_@_Renegades,2853,54.3,2908,55,2823,45.7,2768,-55
47,09/21/26,KCI Starbucks Rink,Dead Rabbits,2,Ice-O-Topes,3,Division 5,Division 5,REG,09/21/26_Dead Rabbits_@_Ice-O-Topes,3073,59.5,3030,-43,3006,40.5,3049,43
48,09/21/26,Kent Valley Ice Centre,Yetis,2,Alpuckas,8,Division 5,Division 5,REG,09/21/26_Yetis_@_Alpuckas,2977,48.1,2905,-72,2990,51.9,3062,72
49,09/21/26,KCI VMFH Rink,WKUTP-5,10,Dumpster Fire,3,Division 5,Division 5,REG,09/21/26_WKUTP-5_@_Dumpster Fire,3050,39.9,3156,106,3121,60.1,3015,-106
50,09/21/26,Everett Comm Ice Rink,BSOD,3,Moose Knuckle,8,Division 5,Division 5,REG,09/21/26_BSOD_@_Moose Knuckle,3131,55.0,3053,-78,3096,45.0,3174,78
51,09/21/26,Angel of the Winds Arena,Skeletons,3,Schilling Cider,3,Division 4,Division 4,REG,09/21/26_Skeletons_@_Schilling Cider,3443,74.4,3426,-17,3258,25.6,3275,17
52,09/22/26,accesso ShoWare Center,DevilFish,4,Top Cheddar,5,Division 4,Division 4,REG,09/22/26_DevilFish_@_Top Cheddar,3297,62.0,3252,-45,3212,38.0,3257,45
53,09/22/26,accesso ShoWare Center,Edible Arrangements,3,Mighty Mallards,9,Division 4,Division 4,REG,09/22/26_Edible Arrangements_@_Mighty Mallards,3345,49.7,3270,-75,3347,50.3,3422,75
54,09/22/26,Kent Valley Ice Centre,LLUA,0,Maple Bars,5,Division 4,Division 4,REG,09/22/26_LLUA_@_Maple Bars,3474,62.8,3384,-90,3383,37.2,3473,90
55,09/22/26,KCI Smartsheet Rink,Wolves,3,Greasy Weasels,5,Division 4,Division 4,REG,09/22/26_Wolves_@_Greasy Weasels,3295,62.9,3227,-68,3203,37.1,3271,68
56,09/22/26,accesso ShoWare Center,Night Owls,3,Steelhead,3,Division 4,Division 4,REG,09/22/26_Night Owls_@_Steelhead,3385,42.7,3393,8,3436,57.3,3428,-8
57,09/22/26,Kent Valley Ice Centre,Coconut Corgis,3,Skateful Dead,8,Division 4,Division 4,REG,09/22/26_Coconut Corgis_@_Skateful Dead,3406,45.7,3342,-64,3436,54.3,3500,64
58,09/22/26,KCI Smartsheet Rink,Sabercats,3,Breakers,6,Division 4,Division 4,REG,09/22/26_Sabercats_@_Breakers,3587,70.2,3498,-89,3438,29.8,3527,89
59,09/23/26,KCI Smartsheet Rink,Kraken Up,6,Hooligans,1,Division 4,Division 4,REG,09/23/26_Kraken Up_@_Hooligans,3325,67.9,3377,52,3195,32.1,3143,-52
60,09/23/26,KCI Starbucks Rink,Chinooks,1,Bombers,7,Division 3,Division 3,REG,09/23/26_Chinooks_@_Bombers,3527,26.5,3488,-39,3704,73.5,3743,39
61,09/23/26,Everett Comm Ice Rink,Shockers,5,Goal Diggers,1,Division 3,Division 3,REG,09/23/26_Shockers_@_Goal Diggers,3663,43.1,3747,84,3711,56.9,3627,-84
62,09/23/26,Olympic View Arena,Sasquatch,4,MMHC,3,Division 3,Division 3,REG,09/23/26_Sasquatch_@_MMHC,3813,53.4,3850,37,3789,46.6,3752,-37
63,09/23/26,KCI Starbucks Rink,Eagles,6,Puckbuddies,7,Division 3,Division 3,REG,09/23/26_Eagles_@_Puckbuddies,4055,79.9,3996,-59,3815,20.1,3874,59
64,09/23/26,Everett Comm Ice Rink,The Herd,5,Puget Sound Pigeons,3,Division 3,Division 3,REG,09/23/26_The Herd_@_Puget Sound Pigeons,3925,67.8,3964,39,3796,32.2,3757,-39
65,09/24/26,Kent Valley Ice Centre,Chiefs,4,Northwest Crabs,7,Division 2,Division 2,REG,09/24/26_Chiefs_@_Northwest Crabs,4169,21.7,4143,-26,4392,78.3,4418,26
66,09/24/26,KCI Smartsheet Rink,ESB,6,Mustangs,4,Division 1,Division 1,REG,09/24/26_ESB_@_Mustangs,4192,56.9,4244,52,4144,43.1,4092,-52
67,09/24/26,Lynnwood Ice Center,Seattle Supernova,3,NW Stars,4,Division 1,Division 1,REG,09/24/26_Seattle Supernova_@_NW Stars,4149,25.4,4132,-17,4336,74.6,4353,17
68,09/24/26,Kent Valley Ice Centre,Pull Tab Bandits,7,Rhinos,2,Division 3,Division 3,REG,09/24/26_Pull Tab Bandits_@_Rhinos,4006,43.3,4095,89,4053,56.7,3964,-89
69,09/24/26,KCI Starbucks Rink,Falcons,4,ALTP,8,Division 1,Division 1,REG,09/24/26_Falcons_@_ALTP,4343,31.1,4303,-40,4481,68.9,4521,40
70,09/24/26,KCI Smartsheet Rink,The Brigade,2,Mavericks,5,Division 2,Division 2,REG,09/24/26_The Brigade_@_Mavericks,4238,62.4,4160,-78,4150,37.6,4228,78
71,09/24/26,Lynnwood Ice Center,Pheasants,4,Red Dog,4,Division 2,Division 2,REG,09/24/26_Pheasants_@_Red Dog,3984,45.1,3990,6,4018,54.9,4012,-6
72,09/24/26,KCI Starbucks Rink,The Mighty Geoducks,1,Fighting Narwhals,0,Division 2,Division 2,REG,09/24/26_The Mighty Geoducks_@_Fighting Narwhals,4058,54.9,4094,36,4024,45.1,3988,-36
73,09/27/26,Olympic View Arena,Toe Dragons,4,Purple Reign,2,Division 8,Division 8,REG,09/27/26_Toe Dragons_@_Purple Reign,1650,59.1,1699,49,1586,40.9,1537,-49
74,09/27/26,accesso ShoWare Center,Division 10B Purple,5,Division 10B Red,7,Division 10,Division 10,REG,09/27/26_Division 10B Purple_@_Division 10B Red,840,42.9,795,-45,890,57.1,935,45
75,09/27/26,Kent Valley Ice Centre,Dumb Pucks,2,Greenhorns,3,Division 6,Division 6,REG,09/27/26_Dumb Pucks_@_Greenhorns,2525,59.3,2482,-43,2459,40.7,2502,43
76,09/27/26,KCI Starbucks Rink,Seal Team Sticks,2,Seattle Slapshots,2,Division 8,Division 8,REG,09/27/26_Seal Team Sticks_@_Seattle Slapshots,1538,36.6,1550,12,1633,63.4,1621,-12
77,09/27/26,Olympic View Arena,Pythons,10,Scrooge McPuck,2,Division 8,Division 8,REG,09/27/26_Pythons_@_Scrooge McPuck,1820,83.8,1852,32,1535,16.2,1503,-32
78,09/27/26,accesso ShoWare Center,Monarchs 6,3,Rainier Reindeer HC-6,3,Division 6,Division 6,REG,09/27/26_Monarchs 6_@_Rainier Reindeer HC-6,2595,49.7,2598,3,2597,50.3,2595,-2
79,09/27/26,Kent Valley Ice Centre,Monarchs 5,3,Seattle Warriors,4,Division 5,Division 6,REG,09/27/26_Monarchs 5_@_Seattle Warriors,2643,47.9,2610,-33,2658,52.1,2692,34
80,09/27/26,Angel of the Winds Arena,Glow Sticks,3,Pond Pigeons,1,Division 8,Division 8,REG,09/27/26_Glow Sticks_@_Pond Pigeons,1785,59.5,1833,48,1718,40.5,1669,-49
81,09/27/26,Everett Comm Ice Rink,Honey Badgers,0,Flying Monkeys,0,Division 6,Division 6,REG,09/27/26_Honey Badgers_@_Flying Monkeys,2587,47.4,2591,4,2605,52.6,2601,-4
82,09/27/26,KCI Starbucks Rink,Blackouts,8,Spittin'' Llamas,4,Division 8,Division 8,REG,09/27/26_Blackouts_@_Spittin'' Llamas,1819,59.9,1879,60,1749,40.1,1689,-60
83,09/27/26,KCI Smartsheet Rink,Roughnecks Mobile Infantry,2,Orcas,3,Division 7,Division 8,REG,09/27/26_Roughnecks Mobile Infantry_@_Orcas,1817,35.0,1793,-24,1925,65.0,1949,24
84,09/27/26,accesso ShoWare Center,Mad Dawgs,2,Blades,4,Division 6,Division 6,REG,09/27/26_Mad Dawgs_@_Blades,2411,29.0,2381,-30,2566,71.0,2596,30
85,09/27/26,Kent Valley Ice Centre,Trash Pandas,0,Barrel Aged Brewzers,2,Division 6,Division 6,REG,09/27/26_Trash Pandas_@_Barrel Aged Brewzers,2675,82.8,2584,-91,2402,17.2,2493,91
86,09/27/26,KCI VMFH Rink,Hackers,1,Mudflaps,7,Division 6,Division 6,REG,09/27/26_Hackers_@_Mudflaps,2324,18.5,2297,-27,2581,81.5,2608,27
87,09/27/26,Angel of the Winds Arena,Chucklepucks,3,Hampton West Hockey Club,3,Division 7,Division 6,REG,09/27/26_Chucklepucks_@_Hampton West Hockey Club,2349,36.2,2361,12,2448,63.8,2436,-12
88,09/27/26,Everett Comm Ice Rink,Raiders,2,Not Sure 6,3,Division 6,Division 6,REG,09/27/26_Raiders_@_Not Sure 6,2329,52.3,2292,-37,2313,47.7,2350,37
89,09/27/26,KCI Starbucks Rink,Cascadians HC,5,Real Bacon,5,Division 7,Division 7,REG,09/27/26_Cascadians HC_@_Real Bacon,2328,54.9,2326,-2,2294,45.1,2295,1
90,09/27/26,KCI Smartsheet Rink,Maelstrom,5,Mad Hat Tricks,3,Division 10,Division 10,REG,09/27/26_Maelstrom_@_Mad Hat Tricks,957,43.1,1025,68,1006,56.9,939,-67
91,09/27/26,Kent Valley Ice Centre,Puckleberries,0,The Axolotls,2,Division 10,Division 10,REG,09/27/26_Puckleberries_@_The Axolotls,942,18.6,922,-20,1198,81.4,1217,19
92,09/27/26,accesso ShoWare Center,Galactic Penguins,2,Redrum,2,Division 10,Division 10,REG,09/27/26_Galactic Penguins_@_Redrum,869,48.2,873,4,882,51.8,878,-4
93,09/27/26,KCI VMFH Rink,Beer Dragons,2,Banana Blades,3,Division 10,Division 10,REG,09/27/26_Beer Dragons_@_Banana Blades,952,61.1,908,-44,873,38.9,917,44
94,09/27/26,Angel of the Winds Arena,Rip-Its,3,Gremlins Hockey,3,Division 10,Division 9,REG,09/27/26_Rip-Its_@_Gremlins Hockey,1201,66.5,1191,-10,1082,33.5,1093,11
95,09/27/26,Everett Comm Ice Rink,Spicy Kittens HC-9,6,Ice Breakers,5,Division 9,Division 9,REG,09/27/26_Spicy Kittens HC-9_@_Ice Breakers,1006,20.3,1067,61,1243,79.7,1182,-61
96,09/27/26,KCI Starbucks Rink,Purple Puck Eaters,2,Red Zeppelin,10,Division 9,Division 9,REG,09/27/26_Purple Puck Eaters_@_Red Zeppelin,1179,50.1,1094,-85,1178,49.9,1262,84
97,09/27/26,KCI Smartsheet Rink,Yacht Flippers,2,Tropical Punchers,4,Division 9,Division 9,REG,09/27/26_Yacht Flippers_@_Tropical Punchers,1380,69.4,1305,-75,1238,30.6,1314,76
98,09/27/26,Kent Valley Ice Centre,Hungry Hatchlings,7,Khaos,3,Division 8,Division 8,REG,09/27/26_Hungry Hatchlings_@_Khaos,1524,36.8,1617,93,1618,63.2,1525,-93
99,09/27/26,Olympic View Arena,Fighting Clams,4,Thursday Cryptids,2,Division 9,Division 9,REG,09/27/26_Fighting Clams_@_Thursday Cryptids,1250,63.8,1293,43,1151,36.2,1108,-43
100,09/27/26,KCI VMFH Rink,Blackbirds,2,Mighty Moose,1,Division 9,Division 9,REG,09/27/26_Blackbirds_@_Mighty Moose,1597,53.7,1634,37,1572,46.3,1535,-37
101,09/27/26,Angel of the Winds Arena,Rainiers,5,SEA Cucumbers,0,Division 8,Division 8,REG,09/27/26_Rainiers_@_SEA Cucumbers,1816,79.5,1850,34,1581,20.5,1547,-34
102,09/27/26,Everett Comm Ice Rink,Trash Pandas Garbage Legacy,1,Quacken,0,Division 7,Division 7,REG,09/27/26_Trash Pandas Garbage Legacy_@_Quacken,2094,47.5,2136,42,2112,52.5,2070,-42
103,09/27/26,KCI Starbucks Rink,Orange Crush,4,Rainier Reindeers HC-9,2,Division 8,Division 9,REG,09/27/26_Orange Crush_@_Rainier Reindeers HC-9,1536,78.2,1563,27,1315,21.8,1288,-27
104,09/27/26,KCI Smartsheet Rink,Seattle Freeze,9,Birrds,2,Division 7,Division 7,REG,09/27/26_Seattle Freeze_@_Birrds,2163,68.0,2221,58,2031,32.0,1973,-58
105,09/27/26,Kent Valley Ice Centre,LKI,4,Bandits,4,Division 7,Division 8,REG,09/27/26_LKI_@_Bandits,1872,45.0,1878,6,1907,55.0,1901,-6
106,09/27/26,KCI VMFH Rink,Seattle Seals,6,Fluffy Bunnies,3,Division 7,Division 7,REG,09/27/26_Seattle Seals_@_Fluffy Bunnies,2079,50.2,2148,69,2077,49.8,2008,-69
107,09/27/26,Olympic View Arena,Los Tigres,2,BLU Bombers,8,Division 7,Division 7,REG,09/27/26_Los Tigres_@_BLU Bombers,2035,56.3,1950,-85,1991,43.7,2076,85
108,09/27/26,Angel of the Winds Arena,Iced Awesome,1,Lagooners,4,Division 7,Division 7,REG,09/27/26_Iced Awesome_@_Lagooners,1881,51.6,1817,-64,1869,48.4,1934,65
109,09/27/26,Everett Comm Ice Rink,Nordekes,3,Seattle Dogs,2,Division 7,Division 7,REG,09/27/26_Nordekes_@_Seattle Dogs,1803,33.0,1855,52,1926,67.0,1874,-52
110,09/28/26,Kent Valley Ice Centre,Wranglers,2,Squids,2,Division 6,Division 6,REG,09/28/26_Wranglers_@_Squids,2643,82.9,2620,-23,2369,17.1,2392,23
111,09/28/26,KCI Starbucks Rink,Midnight Twist,1,PussyCats,4,Division 5,Division 5,REG,09/28/26_Midnight Twist_@_PussyCats,2686,54.7,2618,-68,2653,45.3,2722,69
112,09/28/26,Kent Valley Ice Centre,Cherry Pickers,2,Dirty Couch Hockey Club,2,Division 6,Division 6,REG,09/28/26_Cherry Pickers_@_Dirty Couch Hockey Club,2547,26.0,2566,19,2728,74.0,2709,-19
113,09/28/26,KCI VMFH Rink,Lumberjacks,5,Brewzers OGB,7,Division 5,Division 5,REG,09/28/26_Lumberjacks_@_Brewzers OGB,2886,55.2,2827,-59,2850,44.8,2909,59
114,09/28/26,Everett Comm Ice Rink,Ice-O-Topes,4,Renegades,6,Division 5,Division 5,REG,09/28/26_Ice-O-Topes_@_Renegades,3049,83.4,2957,-92,2768,16.6,2861,93
115,09/28/26,Angel of the Winds Arena,Dead Rabbits,10,Not Sure 5,3,Division 5,Division 5,REG,09/28/26_Dead Rabbits_@_Not Sure 5,3030,67.0,3090,60,2908,33.0,2848,-60
116,09/28/26,Olympic View Arena,Reapers,2,Alpuckas,6,Division 5,Division 5,REG,09/28/26_Reapers_@_Alpuckas,2751,14.3,2733,-18,3062,85.7,3080,18
117,09/28/26,KCI Starbucks Rink,Moose Knuckle,5,Dumpster Fire,2,Division 5,Division 5,REG,09/28/26_Moose Knuckle_@_Dumpster Fire,3174,71.4,3215,41,3015,28.6,2975,-40
118,09/28/26,Kent Valley Ice Centre,Stingers,4,Seals,2,Division 5,Division 5,REG,09/28/26_Stingers_@_Seals,3016,52.2,3073,57,3001,47.8,2944,-57
119,09/28/26,KCI VMFH Rink,Bullets,3,Piranhas,8,Division 5,Division 5,REG,09/28/26_Bullets_@_Piranhas,2788,31.8,2744,-44,2920,68.2,2964,44
120,09/28/26,Everett Comm Ice Rink,Jokres,7,Icemen,2,Division 6,Division 6,REG,09/28/26_Jokres_@_Icemen,2609,52.3,2685,76,2593,47.7,2517,-76
121,09/28/26,Angel of the Winds Arena,Fossils,4,Mighty Boosh,1,Division 6,Division 6,REG,09/28/26_Fossils_@_Mighty Boosh,2679,89.3,2695,16,2310,10.7,2295,-15
122,09/29/26,accesso ShoWare Center,Seagulls,6,Yetis,3,Division 5,Division 5,REG,09/29/26_Seagulls_@_Yetis,3055,70.4,3097,42,2905,29.6,2863,-42
123,09/29/26,accesso ShoWare Center,WKUTP-5,4,BSOD,3,Division 5,Division 5,REG,09/29/26_WKUTP-5_@_BSOD,3156,64.4,3185,29,3053,35.6,3024,-29
124,09/29/26,Kent Valley Ice Centre,Greasy Weasels,3,DevilFish,3,Division 4,Division 4,REG,09/29/26_Greasy Weasels_@_DevilFish,3271,52.6,3271,0,3252,47.4,3252,0
125,09/29/26,Angel of the Winds Arena,Skateful Dead,4,Steelhead,2,Division 4,Division 4,REG,09/29/26_Skateful Dead_@_Steelhead,3500,60.2,3548,48,3428,39.8,3381,-47
126,09/29/26,accesso ShoWare Center,Goal Diggers,2,Chinooks,2,Division 3,Division 3,REG,09/29/26_Goal Diggers_@_Chinooks,3627,69.0,3615,-12,3488,31.0,3501,13
127,09/29/26,Kent Valley Ice Centre,Wolves,4,Top Cheddar,3,Division 4,Division 4,REG,09/29/26_Wolves_@_Top Cheddar,3227,45.8,3270,43,3257,54.2,3214,-43
128,09/29/26,Angel of the Winds Arena,Maple Bars,6,Mighty Mallards,4,Division 4,Division 4,REG,09/29/26_Maple Bars_@_Mighty Mallards,3473,57.4,3524,51,3422,42.6,3371,-51
129,09/30/26,Kent Valley Ice Centre,Breakers,3,Night Owls,3,Division 4,Division 4,REG,09/30/26_Breakers_@_Night Owls,3527,68.5,3515,-12,3393,31.5,3405,12
130,09/30/26,KCI Starbucks Rink,Hooligans,3,Schilling Cider,6,Division 4,Division 4,REG,09/30/26_Hooligans_@_Schilling Cider,3143,31.9,3104,-39,3275,68.1,3313,38
131,09/30/26,Angel of the Winds Arena,Kraken Up,5,Skeletons,4,Division 4,Division 4,REG,09/30/26_Kraken Up_@_Skeletons,3377,42.9,3422,45,3426,57.1,3381,-45
132,09/30/26,Everett Comm Ice Rink,Sabercats,2,Coconut Corgis,4,Division 4,Division 4,REG,09/30/26_Sabercats_@_Coconut Corgis,3498,71.1,3421,-77,3342,28.9,3419,77
133,09/30/26,Olympic View Arena,Red Dog,5,Fighting Narwhals,2,Division 2,Division 2,REG,09/30/26_Red Dog_@_Fighting Narwhals,4012,53.5,4077,65,3988,46.5,3923,-65
134,09/30/26,Kent Valley Ice Centre,Seattle Supernova,4,Mustangs,4,Division 1,Division 1,REG,09/30/26_Seattle Supernova_@_Mustangs,4132,55.6,4129,-3,4092,44.4,4095,3
135,09/30/26,Angel of the Winds Arena,Puckbuddies,8,MMHC,1,Division 3,Division 3,REG,09/30/26_Puckbuddies_@_MMHC,3874,66.8,3934,60,3752,33.2,3692,-60
136,09/30/26,Everett Comm Ice Rink,Shockers,2,Bombers,3,Division 3,Division 3,REG,09/30/26_Shockers_@_Bombers,3747,50.6,3711,-36,3743,49.4,3779,36
137,10/01/26,Kent Valley Ice Centre,Rhinos,8,The Herd,4,Division 3,Division 3,REG,10/01/26_Rhinos_@_The Herd,3964,50.0,4038,74,3964,50.0,3890,-74
138,10/01/26,KCI Smartsheet Rink,Pheasants,5,The Mighty Geoducks,7,Division 2,Division 2,REG,10/01/26_Pheasants_@_The Mighty Geoducks,3990,35.4,3953,-37,4094,64.6,4131,37
139,10/01/26,Lynnwood Ice Center,Eagles,7,Sasquatch,7,Division 3,Division 3,REG,10/01/26_Eagles_@_Sasquatch,3996,69.9,3983,-13,3850,30.1,3863,13
140,10/01/26,Kent Valley Ice Centre,Pull Tab Bandits,2,Puget Sound Pigeons,2,Division 3,Division 3,REG,10/01/26_Pull Tab Bandits_@_Puget Sound Pigeons,4095,87.5,4068,-27,3757,12.5,3784,27
141,10/01/26,KCI Starbucks Rink,Black Katz,2,Highlanders,4,Division 5,Division 5,REG,10/01/26_Black Katz_@_Highlanders,2854,53.7,2796,-58,2828,46.3,2885,57
142,10/01/26,Olympic View Arena,Northwest Crabs,6,The Brigade,2,Division 2,Division 2,REG,10/01/26_Northwest Crabs_@_The Brigade,4418,81.6,4446,28,4160,18.4,4131,-29
143,10/01/26,KCI Smartsheet Rink,Chiefs,6,Mavericks,6,Division 2,Division 2,REG,10/01/26_Chiefs_@_Mavericks,4143,37.9,4154,11,4228,62.1,4217,-11
144,10/01/26,Lynnwood Ice Center,NW Stars,5,ALTP,7,Division 1,Division 1,REG,10/01/26_NW Stars_@_ALTP,4353,27.6,4325,-28,4521,72.4,4550,29
145,10/01/26,Kent Valley Ice Centre,Falcons,6,ESB,9,Division 1,Division 1,REG,10/01/26_Falcons_@_ESB,4303,58.4,4230,-73,4244,41.6,4317,73
146,10/01/26,KCI Starbucks Rink,LLUA,5,Edible Arrangements,4,Division 4,Division 4,REG,10/01/26_LLUA_@_Edible Arrangements,3384,65.8,3411,27,3270,34.2,3243,-27
