Ranking,Team,Div,ELO
1,Minner''s Minions,1,4624
2,ALTP,1,4566
3,Northwest Crabs,2,4522
4,Falcons,1,4359
5,NW Stars,1,4350
6,The Brigade,2,4291
7,Chiefs,2,4188
8,Mavericks,2,4160
9,ESB,1,4134
10,Eagles,3A,4120
11,Rhinos,3A,4116
12,Seattle Supernova,1,4070
13,The Mighty Geoducks,2,4023
14,Fighting Narwhals,2,3972
15,Boozin Cougs,3A,3971
16,Red Dog,2,3963
17,The Herd,3A,3925
18,Pheasants,2,3913
19,Sasquatch,3B,3877
20,Puckbuddies,3A,3761
21,Goal Diggers,3B,3725
22,MMHC,3A,3722
23,Shockers,3B,3652
24,Sabercats,3B,3647
25,Buck Wild,4A,3624
26,Screaming Eagles,4A,3584
27,LLUA,4B,3548
28,Skeletons,4C,3518
29,Chinooks,3B,3450
30,Steelhead,4A,3421
31,Skateful Dead,4A,3421
32,Coconut Corgis,3B,3377
33,Mighty Mallards,4B,3358
34,Edible Arrangements,4B,3355
35,Night Owls,4A,3346
36,Maple Bars,4A,3343
37,Kraken Up,4B,3326
38,DevilFish,4C,3301
39,Wolves,4C,3298
40,Schilling Cider,4B,3225
41,Top Cheddar,4C,3173
42,BSOD,5A,3170
43,Greasy Weasels,4C,3160
44,Dumpster Fire,5A,3155
45,Five Hole Fiends,5C,3148
46,Hooligans,4B,3132
47,The Seals,5D,3125
48,Moose Knuckle,4C,3117
49,Dead Rabbits,5A,3084
50,Seagulls,5B,3081
51,Ice-O-Topes,5B,3057
52,WKUTP-5,5A,3049
53,Amigos,5A,3033
54,Alpuckas,5C,3022
55,Yetis,5C,3002
56,Stingers,5C,2996
57,Piranhas,5C,2905
58,Offspring,5B,2904
59,Brewzers OGB,6A,2888
60,Sockeyes,5B,2853
61,Highlanders,5D,2809
62,Black Katz,5D,2788
63,Renegades,5B,2784
64,Honey Badgers,6A,2766
65,Jokres,6B,2763
66,Not Sure 5,5A,2755
67,Monarchs 6,6B,2746
68,Reapers,5B,2726
69,PussyCats,5D,2701
70,Dirty Couch Hockey Club,6A,2683
71,Wranglers,6C,2676
72,Midnight Twist,5C,2615
73,Mudflaps,6C,2591
74,TP6/Fossils,6B,2583
75,Seattle Warriors,6A,2572
76,Rainier Reindeer HC-6,6B,2544
77,Hampton West Hockey Club,6D,2535
78,Flying Monkeys,5D,2523
79,Blades,6C,2510
80,Icemen,6A,2476
81,Barrel Aged Brewzers,6C,2471
82,Chucklepucks,6D,2403
83,Monarchs 5,5D,2397
84,Greenhorns,6B,2382
85,Real Bacon,6D,2344
86,Not Sure 6,6D,2317
87,Raiders,6C,2304
88,Squids,6A,2284
89,Hackers,6B,2277
90,Trash Pandas 7/Coyotes,6C,2276
91,Fluffy Bunnies,7A,2193
92,Birrds,7A,2131
93,Trash Pandas Garbage Legacy,6D,2118
94,Seattle Seals,7B,2104
95,Los Tigres,7A,2052
96,Seattle Freeze,6D,2047
97,Quacken,7A,1966
98,BLU Bombers,7B,1940
99,Roughnecks Mobile Infantry,7B,1870
100,Iced Awesome,7A,1862
101,Pythons,8B,1850
102,Nordekes,7B,1849
103,Seattle Dogs,7B,1848
104,Pond Pigeons,8A,1826
105,Seattle Slapshots,8B,1823
106,LKI,7A,1816
107,Khaos,9A,1778
108,Spicy Kittens HC-8,8A,1775
109,Lagooners,7B,1763
110,Blackouts,8A,1747
111,Spittin'' Llamas,8A,1667
112,Blackbirds,9A,1642
113,Glow Sticks,8A,1607
114,Orange Crush,9A,1605
115,Toe Dragons,8B,1552
116,SEA Cucumbers,8B,1548
117,Mighty Moose,9A,1516
118,Seal Team Sticks,8A,1491
119,Hungry Hatchlings,8B,1449
120,Purple Reign,8B,1366
121,Ice Breakers,10A,1361
122,Rainier Reindeers HC-9,9B,1348
123,Yacht Flippers,9A,1302
124,The Axolotls,10B,1251
125,Purple Puck Eaters,9B,1240
126,Rip-Its,10B,1234
127,Fighting Clams,9A,1211
128,Tropical Punchers,9B,1207
129,Red Zeppelin,9B,1095
130,Beer Dragons,10A,1048
131,Galactic Penguins,10B,993
132,Maelstrom,10B,990
133,Gremlins Hockey,9B,989
134,Spicy Kittens HC-9,9B,986
135,Doom Clouds/Golden Mules,10A,945
136,Mad Hat Tricks,10B,864
137,Banana Guardians,10A,719
138,Redrum,10B,605
