Game#,Date,Away Team,Away Score,Home Team,Home Score,Away Division,Home Division,Game Type
,11-May-26,Monarchs 6,5,Wranglers,1,Division 6B,Division 6C,REG
,11-May-26,Rainier Reindeer HC-6,2,Dirty Couch Hockey Club,8,Division 6B,Division 6,REG
,11-May-26,Real Bacon,1,Greenhorns,4,Division 6D,Division 6B,REG
,11-May-26,Hackers,6,Honey Badgers,7,Division 6B,Division 6,REG
,11-May-26,Jokres,1,Icemen,2,Division 6B,Division 6,REG
,11-May-26,Seattle Warriors,2,Flying Monkeys,3,Division 6A,Division 5D,REG
,11-May-26,Piranhas,4,Stingers,4,Division 5C,Division 5C,REG
,11-May-26,Highlanders,3,Brewzers OGB,4,Division 5D,Division 6,REG
,11-May-26,PussyCats,1,Midnight Twist,4,Division 5D,Division 5C,REG
,11-May-26,Squids,10,Monarchs 5,3,Division 6,Division 5D,REG
,11-May-26,Not Sure 6,5,Seattle Seals,0,Division 6D,Division 7B,REG
,11-May-26,Alpuckas,9,TP6/Fossils,2,Division 5C,Division 6B,REG
,11-May-26,Chucklepucks,7,Seattle Freeze,3,Division 6D,Division 6D,REG
,11-May-26,Trash Pandas 7/Coyotes,3,Raiders,2,Division 6C,Division 6C,REG
,11-May-26,Blades,5,Barrel Aged Brewzers,3,Division 6C,Division 6C,REG
,11-May-26,Trash Pandas Garbage Legacy,3,Mudflaps,3,Division 6D,Division 6C,REG
,12-May-26,Women''s Yellow,4,Women''s Black,10,Women''s Division Summer 2026,Women''s Division Summer 2026,REG
,12-May-26,BSOD,4,Not Sure 5,5,Division 5,Division 5,REG
,12-May-26,Women''s Royal,1,Women''s Orange,1,Women''s Division Summer 2026,Women''s Division Summer 2026,REG
,12-May-26,40+ Advanced Gritty Pylons,6,40+ Advanced Falk,4,40+ Advanced Summer 2026,40+ Advanced Summer 2026,REG
,12-May-26,The Seals,3,Black Katz,1,Division 5D,Division 5D,REG
,12-May-26,Women''s Red,3,Women''s Pink,2,Women''s Division Summer 2026,Women''s Division Summer 2026,REG
,12-May-26,Seagulls,5,Yetis,5,Division 5B,Division 5C,REG
,12-May-26,Women''s Sky Blue,4,Women''s Grey,2,Women''s Division Summer 2026,Women''s Division Summer 2026,REG
,12-May-26,40+ Advanced Tagami,7,40+ Advanced Bakers Dozen,2,40+ Advanced Summer 2026,40+ Advanced Summer 2026,REG
,12-May-26,Reapers,2,Renegades,7,Division 5B,Division 5B,REG
,12-May-26,Women''s White,6,Women''s Green,4,Women''s Division Summer 2026,Women''s Division Summer 2026,REG
,12-May-26,WKUTP-5,7,Five Hole Fiends,4,Division 5,Division 5C,REG
,12-May-26,Skateful Dead,3,Chinooks,6,Division 4,Division 3B,REG
,13-May-26,Dumpster Fire,7,Ice-O-Topes,0,Division 5,Division 5B,REG
,13-May-26,40+ Red Flags,1,40+ Carl''s Seniors,3,40+ Summer 2026,40+ Summer 2026,REG
,13-May-26,40+ Mid-Ice Crisis,5,40+ Gritty Pylons,2,40+ Summer 2026,40+ Summer 2026,REG
,13-May-26,Skeletons,4,Dead Rabbits,2,Division 4C,Division 5,REG
,13-May-26,Hooligans,3,Edible Arrangements,3,Division 4B,Division 4B,REG
,13-May-26,Screaming Eagles,7,Kraken Up,2,Division 4,Division 4B,REG
,13-May-26,40+ Old Navy,0,40+ Geri Hat Tricks,6,40+ Summer 2026,40+ Summer 2026,REG
,13-May-26,40+ Puck Dynasty,5,40+ Coldtimers,5,40+ Summer 2026,40+ Summer 2026,REG
,13-May-26,40+ Rusty Blades,2,40+ Assisted Living,6,40+ Summer 2026,40+ Summer 2026,REG
,13-May-26,Buck Wild,5,Schilling Cider,5,Division 4,Division 4B,REG
,13-May-26,Wolves,5,DevilFish,4,Division 4C,Division 4C,REG
,13-May-26,Amigos,5,Top Cheddar,5,Division 5,Division 4C,REG
,13-May-26,Offspring,1,Sockeyes,1,Division 5B,Division 5B,REG
,13-May-26,Greasy Weasels,2,Mighty Mallards,2,Division 4C,Division 4B,REG
,13-May-26,Coconut Corgis,13,Night Owls,5,Division 3B,Division 4,REG
,14-May-26,Rhinos,3,Eagles,6,Division 3,Division 3,REG
,14-May-26,LLUA,7,Moose Knuckle,1,Division 4B,Division 4C,REG
,14-May-26,The Mighty Geoducks,1,Pheasants,5,Division 2,Division 2,REG
,14-May-26,Shockers,4,Maple Bars,2,Division 3B,Division 4,REG
,14-May-26,Fighting Narwhals,2,Chiefs,8,Division 2,Division 2,REG
,14-May-26,Seattle Supernova,0,Minner''s Minions,8,Division 1A,Division 1A,REG
,14-May-26,Falcons,8,ALTP,3,Division 1A,Division 1A,REG
,14-May-26,ESB,1,NW Stars,5,Division 1A,Division 1A,REG
,14-May-26,Sabercats,6,Goal Diggers,2,Division 3B,Division 3B,REG
,14-May-26,Puckbuddies,5,MMHC,2,Division 3,Division 3,REG
,14-May-26,Steelhead,3,Boozin Cougs,13,Division 4,Division 3,REG
,14-May-26,The Herd,6,Sasquatch,5,Division 3,Division 3B,REG
,14-May-26,Northwest Crabs,9,Red Dog,4,Division 2,Division 2,REG
,14-May-26,Mavericks,5,The Brigade,2,Division 2,Division 2,REG
,17-May-26,Red Zeppelin,0,Khaos,9,Division 9B,Division 9A,REG
,17-May-26,Tropical Punchers,6,Spicy Kittens HC-9,2,Division 9B,Division 9B,REG
,17-May-26,Fighting Clams,5,Rainier Reindeers HC-9,5,Division 9,Division 9B,REG
,17-May-26,Barrel Aged Brewzers,7,Raiders,2,Division 6C,Division 6C,REG
,17-May-26,Blades,3,Trash Pandas 7/Coyotes,3,Division 6C,Division 6C,REG
,17-May-26,Yacht Flippers,5,Gremlins Hockey,0,Division 9,Division 9B,REG
,17-May-26,Orange Crush,8,Purple Puck Eaters,0,Division 9,Division 9B,REG
,17-May-26,Beer Dragons,6,Banana Guardians,2,Division 10A,Division 10A,REG
,17-May-26,Purple Reign,3,Mighty Moose,0,Division 8B,Division 9,REG
,17-May-26,Mudflaps,2,Seattle Freeze,4,Division 6C,Division 6D,REG
,17-May-26,Ice Breakers,5,Doom Clouds/Golden Mules,2,Division 10,Division 10A,REG
,17-May-26,Seattle Dogs,4,Pond Pigeons,3,Division 7B,Division 8A,REG
,17-May-26,Quacken,2,LKI,0,Division 7,Division 7A,REG
,17-May-26,Not Sure 6,2,Fluffy Bunnies,1,Division 6D,Division 7,REG
,17-May-26,Trash Pandas Garbage Legacy,2,Chucklepucks,5,Division 6D,Division 6D,REG
,17-May-26,Iced Awesome,4,Roughnecks Mobile Infantry,4,Division 7,Division 7B,REG
,17-May-26,The Axolotls,1,Maelstrom,1,Division 10B,Division 10B,REG
,17-May-26,Hampton West Hockey Club,6,Seattle Seals,2,Division 6D,Division 7B,REG
,17-May-26,Toe Dragons,6,Pythons,2,Division 8B,Division 8B,REG
,17-May-26,Los Tigres,6,Birrds,1,Division 7,Division 7,REG
,17-May-26,Seattle Slapshots,3,Blackbirds,4,Division 8B,Division 9A,REG
,17-May-26,Hungry Hatchlings,3,SEA Cucumbers,1,Division 8B,Division 8B,REG
,17-May-26,Blackouts,3,Seal Team Sticks,3,Division 8,Division 8,REG
,17-May-26,Spittin'' Llamas,4,Lagooners,5,Division 8,Division 7B,REG
,17-May-26,Glow Sticks,2,BLU Bombers,5,Division 8,Division 7B,REG
,17-May-26,Nordekes,2,Spicy Kittens HC-8,2,Division 7B,Division 8,REG
,18-May-26,PussyCats,8,Brewzers OGB,5,Division 5D,Division 6,REG
,18-May-26,Seattle Warriors,5,Icemen,6,Division 6A,Division 6,REG
,18-May-26,Midnight Twist,3,Offspring,3,Division 5C,Division 5B,REG
,18-May-26,The Seals,5,Squids,1,Division 5D,Division 6,REG
,18-May-26,TP6/Fossils,5,Jokres,4,Division 6B,Division 6B,REG
,18-May-26,Dirty Couch Hockey Club,3,Honey Badgers,5,Division 6,Division 6,REG
,18-May-26,Black Katz,4,Monarchs 5,2,Division 5D,Division 5D,REG
,18-May-26,Sockeyes,4,Piranhas,1,Division 5B,Division 5C,REG
,18-May-26,Highlanders,4,Flying Monkeys,0,Division 5D,Division 5D,REG
,18-May-26,Monarchs 6,1,Hackers,1,Division 6B,Division 6B,REG
,18-May-26,Real Bacon,2,Wranglers,5,Division 6D,Division 6C,REG
,18-May-26,Greenhorns,4,Rainier Reindeer HC-6,6,Division 6B,Division 6B,REG
,19-May-26,Five Hole Fiends,3,Reapers,6,Division 5C,Division 5B,REG
,19-May-26,Women''s Green,4,Women''s Royal,7,Women''s Division Summer 2026,Women''s Division Summer 2026,REG
,19-May-26,Yetis,1,Alpuckas,4,Division 5C,Division 5C,REG
,19-May-26,Moose Knuckle,0,Edible Arrangements,3,Division 4C,Division 4B,REG
,19-May-26,LLUA,2,Greasy Weasels,2,Division 4B,Division 4C,REG
,19-May-26,40+ Advanced Falk,6,40+ Advanced Tagami,4,40+ Advanced Summer 2026,40+ Advanced Summer 2026,REG
,19-May-26,Women''s Pink,2,Women''s Orange,2,Women''s Division Summer 2026,Women''s Division Summer 2026,REG
,19-May-26,Women''s Black,5,Women''s White,2,Women''s Division Summer 2026,Women''s Division Summer 2026,REG
,19-May-26,Not Sure 5,0,Amigos,4,Division 5,Division 5,REG
,19-May-26,BSOD,3,Top Cheddar,3,Division 5,Division 4C,REG
,19-May-26,40+ Advanced Bakers Dozen,4,40+ Advanced Gritty Pylons,2,40+ Advanced Summer 2026,40+ Advanced Summer 2026,REG
,19-May-26,Women''s Grey,3,Women''s Red,1,Women''s Division Summer 2026,Women''s Division Summer 2026,REG
,19-May-26,Women''s Sky Blue,4,Women''s Yellow,1,Women''s Division Summer 2026,Women''s Division Summer 2026,REG
,20-May-26,40+ Assisted Living,2,40+ Red Flags,1,40+ Summer 2026,40+ Summer 2026,REG
,20-May-26,WKUTP-5,1,Dumpster Fire,0,Division 5,Division 5,REG
,20-May-26,Skeletons,4,Wolves,5,Division 4C,Division 4C,REG
,20-May-26,Hooligans,0,Mighty Mallards,4,Division 4B,Division 4B,REG
,20-May-26,Mavericks,6,Red Dog,1,Division 2,Division 2,REG
,20-May-26,40+ Coldtimers,2,40+ Mid-Ice Crisis,2,40+ Summer 2026,40+ Summer 2026,REG
,20-May-26,Chinooks,5,Coconut Corgis,2,Division 3B,Division 3B,REG
,20-May-26,Boozin Cougs,8,Shockers,3,Division 3,Division 3B,REG
,20-May-26,40+ Puck Dynasty,3,40+ Rusty Blades,4,40+ Summer 2026,40+ Summer 2026,REG
,20-May-26,Northwest Crabs,3,Fighting Narwhals,3,Division 2,Division 2,REG
,20-May-26,Puckbuddies,5,Goal Diggers,3,Division 3,Division 3B,REG
,20-May-26,40+ Gritty Pylons,5,40+ Geri Hat Tricks,4,40+ Summer 2026,40+ Summer 2026,REG
,20-May-26,Schilling Cider,3,Kraken Up,8,Division 4B,Division 4B,REG
,20-May-26,Ice-O-Topes,5,Renegades,7,Division 5B,Division 5B,REG
,20-May-26,40+ Carl''s Seniors,4,40+ Old Navy,3,40+ Summer 2026,40+ Summer 2026,REG
,21-May-26,The Brigade,3,Chiefs,3,Division 2,Division 2,REG
,21-May-26,Night Owls,5,Screaming Eagles,10,Division 4,Division 4,REG
,21-May-26,Minner''s Minions,9,ALTP,3,Division 1A,Division 1A,REG
,21-May-26,Falcons,5,NW Stars,7,Division 1A,Division 1A,REG
,21-May-26,Dead Rabbits,2,DevilFish,2,Division 5,Division 4C,REG
,21-May-26,Buck Wild,5,Skateful Dead,6,Division 4,Division 4,REG
,21-May-26,Pheasants,12,MMHC,1,Division 2,Division 3,REG
,21-May-26,Seattle Supernova,0,ESB,3,Division 1A,Division 1A,REG
,21-May-26,Eagles,8,The Herd,3,Division 3,Division 3,REG
,21-May-26,Sasquatch,3,Sabercats,1,Division 3B,Division 3B,REG
,21-May-26,The Mighty Geoducks,8,Rhinos,8,Division 2,Division 3,REG
,21-May-26,Maple Bars,2,Steelhead,3,Division 4,Division 4,REG
,21-May-26,Stingers,1,Seagulls,6,Division 5C,Division 5B,REG
,26-May-26,Chiefs,2,The Mighty Geoducks,9,Division 2,Division 2,REG
,26-May-26,Yetis,4,Midnight Twist,3,Division 5C,Division 5C,REG
,26-May-26,Women''s Red,3,Women''s Yellow,6,Women''s Division Summer 2026,Women''s Division Summer 2026,REG
,26-May-26,Renegades,4,Five Hole Fiends,4,Division 5B,Division 5C,REG
,26-May-26,Offspring,5,Seagulls,3,Division 5B,Division 5B,REG
,26-May-26,Women''s Orange,3,Women''s Grey,1,Women''s Division Summer 2026,Women''s Division Summer 2026,REG
,26-May-26,40+ Advanced Falk,7,40+ Advanced Bakers Dozen,4,40+ Advanced Summer 2026,40+ Advanced Summer 2026,REG
,26-May-26,Women''s Black,1,Women''s Sky Blue,1,Women''s Division Summer 2026,Women''s Division Summer 2026,REG
,26-May-26,BSOD,1,WKUTP-5,6,Division 5,Division 5,REG
,26-May-26,Reapers,6,Stingers,4,Division 5B,Division 5C,REG
,26-May-26,Women''s Pink,2,Women''s Green,4,Women''s Division Summer 2026,Women''s Division Summer 2026,REG
,26-May-26,40+ Advanced Tagami,4,40+ Advanced Gritty Pylons,1,40+ Advanced Summer 2026,40+ Advanced Summer 2026,REG
,26-May-26,Women''s Royal,0,Women''s White,5,Women''s Division Summer 2026,Women''s Division Summer 2026,REG
,27-May-26,Night Owls,7,Kraken Up,5,Division 4,Division 4B,REG
,27-May-26,40+ Old Navy,5,40+ Red Flags,6,40+ Summer 2026,40+ Summer 2026,REG
,27-May-26,DevilFish,5,Amigos,0,Division 4C,Division 5,REG
,27-May-26,Maple Bars,5,Coconut Corgis,7,Division 4,Division 3B,REG
,27-May-26,Steelhead,4,Chinooks,6,Division 4,Division 3B,REG
,27-May-26,Goal Diggers,3,Shockers,3,Division 3B,Division 3B,REG
,27-May-26,40+ Gritty Pylons,6,40+ Carl''s Seniors,2,40+ Summer 2026,40+ Summer 2026,REG
,27-May-26,40+ Geri Hat Tricks,2,40+ Coldtimers,7,40+ Summer 2026,40+ Summer 2026,REG
,27-May-26,Ice-O-Topes,3,Sockeyes,1,Division 5B,Division 5B,REG
,27-May-26,Edible Arrangements,2,Mighty Mallards,2,Division 4B,Division 4B,REG
,27-May-26,The Herd,9,Sabercats,2,Division 3,Division 3B,REG
,27-May-26,Moose Knuckle,7,Dead Rabbits,2,Division 4C,Division 5,REG
,27-May-26,40+ Assisted Living,2,40+ Puck Dynasty,9,40+ Summer 2026,40+ Summer 2026,REG
,27-May-26,40+ Mid-Ice Crisis,5,40+ Rusty Blades,2,40+ Summer 2026,40+ Summer 2026,REG
,27-May-26,Top Cheddar,7,Dumpster Fire,4,Division 4C,Division 5,REG
,28-May-26,Pheasants,4,Eagles,7,Division 2,Division 3,REG
,28-May-26,Greasy Weasels,3,Skeletons,1,Division 4C,Division 4C,REG
,28-May-26,Boozin Cougs,4,Sasquatch,3,Division 3,Division 3B,REG
,28-May-26,Schilling Cider,2,Skateful Dead,8,Division 4B,Division 4,REG
,28-May-26,Northwest Crabs,3,Mavericks,1,Division 2,Division 2,REG
,28-May-26,Minner''s Minions,13,Falcons,5,Division 1A,Division 1A,REG
,28-May-26,Wolves,6,Not Sure 5,1,Division 4C,Division 5,REG
,28-May-26,Red Dog,3,The Brigade,6,Division 2,Division 2,REG
,28-May-26,ALTP,4,ESB,1,Division 1A,Division 1A,REG
,28-May-26,Seattle Supernova,2,NW Stars,2,Division 1A,Division 1A,REG
,28-May-26,Rhinos,7,Puckbuddies,4,Division 3,Division 3,REG
,28-May-26,Fighting Narwhals,0,MMHC,1,Division 2,Division 3,REG
,28-May-26,Screaming Eagles,2,Buck Wild,1,Division 4,Division 4,REG
,28-May-26,Hooligans,4,LLUA,2,Division 4B,Division 4B,REG
,31-May-26,Banana Guardians,1,Doom Clouds/Golden Mules,4,Division 10A,Division 10A,REG
,31-May-26,Beer Dragons,2,Ice Breakers,2,Division 10A,Division 10,REG
,31-May-26,Yacht Flippers,2,Toe Dragons,4,Division 9,Division 8B,REG
,31-May-26,Maelstrom,4,Rip-Its,4,Division 10B,Division 10B,REG
,31-May-26,Spittin'' Llamas,3,Seal Team Sticks,3,Division 8,Division 8,REG
,31-May-26,Lagooners,4,Blackouts,2,Division 7B,Division 8,REG
,31-May-26,Glow Sticks,3,Spicy Kittens HC-8,3,Division 8,Division 8,REG
,31-May-26,Pond Pigeons,0,Nordekes,5,Division 8A,Division 7B,REG
,31-May-26,BLU Bombers,5,Seattle Dogs,3,Division 7B,Division 7B,REG
,31-May-26,Los Tigres,3,Iced Awesome,2,Division 7,Division 7,REG
,31-May-26,Galactic Penguins,14,Redrum,1,Division 10B,Division 10B,REG
,31-May-26,Mad Hat Tricks,0,The Axolotls,1,Division 10B,Division 10B,REG
,31-May-26,Birrds,3,LKI,2,Division 7,Division 7A,REG
,31-May-26,Spicy Kittens HC-9,1,Mighty Moose,8,Division 9B,Division 9,REG
,31-May-26,Seattle Seals,0,Fluffy Bunnies,4,Division 7B,Division 7,REG
,31-May-26,Red Zeppelin,1,Purple Reign,7,Division 9B,Division 8B,REG
,31-May-26,Tropical Punchers,0,Purple Puck Eaters,5,Division 9B,Division 9B,REG
,31-May-26,Gremlins Hockey,2,Rainier Reindeers HC-9,2,Division 9B,Division 9B,REG
,31-May-26,Orange Crush,4,Fighting Clams,4,Division 9,Division 9,REG
,31-May-26,Not Sure 6,1,Hampton West Hockey Club,6,Division 6D,Division 6D,REG
,31-May-26,Khaos,2,Pythons,9,Division 9A,Division 8B,REG
,31-May-26,Raiders,2,Mudflaps,2,Division 6C,Division 6C,REG
,31-May-26,Trash Pandas Garbage Legacy,5,Seattle Freeze,3,Division 6D,Division 6D,REG
,31-May-26,Hungry Hatchlings,5,Blackbirds,3,Division 8B,Division 9A,REG
,31-May-26,Roughnecks Mobile Infantry,3,Quacken,3,Division 7B,Division 7,REG
,31-May-26,SEA Cucumbers,1,Seattle Slapshots,3,Division 8B,Division 8B,REG
,1-Jun-26,Piranhas,7,Black Katz,0,Division 5C,Division 5D,REG
,1-Jun-26,Real Bacon,3,Trash Pandas 7/Coyotes,4,Division 6D,Division 6C,REG
,1-Jun-26,Monarchs 5,4,Flying Monkeys,4,Division 5D,Division 5D,REG
,1-Jun-26,Hackers,3,Greenhorns,4,Division 6B,Division 6B,REG
,1-Jun-26,Wranglers,3,Blades,4,Division 6C,Division 6C,REG
,1-Jun-26,Monarchs 6,2,Rainier Reindeer HC-6,1,Division 6B,Division 6B,REG
,1-Jun-26,Chucklepucks,3,Barrel Aged Brewzers,7,Division 6D,Division 6C,REG
,1-Jun-26,Brewzers OGB,5,Seattle Warriors,2,Division 6,Division 6A,REG
,1-Jun-26,Squids,7,PussyCats,8,Division 6,Division 5D,REG
,1-Jun-26,Jokres,2,Dirty Couch Hockey Club,0,Division 6B,Division 6,REG
,2-Jun-26,Women''s Grey,1,Women''s Green,3,Women''s Division Summer 2026,Women''s Division Summer 2026,REG
,2-Jun-26,Dumpster Fire,12,Reapers,2,Division 5,Division 5B,REG
,2-Jun-26,40+ Advanced Bakers Dozen,2,40+ Advanced Tagami,4,40+ Advanced Summer 2026,40+ Advanced Summer 2026,REG
,2-Jun-26,Women''s Royal,3,Women''s Black,3,Women''s Division Summer 2026,Women''s Division Summer 2026,REG
,2-Jun-26,Women''s Red,0,Women''s Sky Blue,2,Women''s Division Summer 2026,Women''s Division Summer 2026,REG
,2-Jun-26,Alpuckas,4,Offspring,2,Division 5C,Division 5B,REG
,2-Jun-26,Renegades,4,BSOD,5,Division 5B,Division 5,REG
,2-Jun-26,40+ Advanced Gritty Pylons,6,40+ Advanced Falk,3,40+ Advanced Summer 2026,40+ Advanced Summer 2026,REG
,2-Jun-26,Women''s White,5,Women''s Pink,0,Women''s Division Summer 2026,Women''s Division Summer 2026,REG
,2-Jun-26,Women''s Orange,2,Women''s Yellow,5,Women''s Division Summer 2026,Women''s Division Summer 2026,REG
,2-Jun-26,Midnight Twist,2,The Seals,4,Division 5C,Division 5D,REG
,2-Jun-26,Yetis,4,Stingers,3,Division 5C,Division 5C,REG
,2-Jun-26,TP6/Fossils,7,Honey Badgers,8,Division 6B,Division 6,REG
,3-Jun-26,Sasquatch,1,Goal Diggers,6,Division 3B,Division 3B,REG
,3-Jun-26,Highlanders,6,Icemen,4,Division 5D,Division 6,REG
,3-Jun-26,Buck Wild,5,Kraken Up,3,Division 4,Division 4B,REG
,3-Jun-26,40+ Geri Hat Tricks,4,40+ Rusty Blades,5,40+ Summer 2026,40+ Summer 2026,REG
,3-Jun-26,WKUTP-5,2,Top Cheddar,5,Division 5,Division 4C,REG
,3-Jun-26,Schilling Cider,5,Night Owls,7,Division 4B,Division 4,REG
,3-Jun-26,40+ Coldtimers,4,40+ Carl''s Seniors,1,40+ Summer 2026,40+ Summer 2026,REG
,3-Jun-26,Sabercats,2,Shockers,4,Division 3B,Division 3B,REG
,3-Jun-26,Amigos,3,Dead Rabbits,5,Division 5,Division 5,REG
,3-Jun-26,40+ Old Navy,1,40+ Assisted Living,4,40+ Summer 2026,40+ Summer 2026,REG
,3-Jun-26,Edible Arrangements,7,Wolves,7,Division 4B,Division 4C,REG
,3-Jun-26,Ice-O-Topes,2,Five Hole Fiends,6,Division 5B,Division 5C,REG
,3-Jun-26,40+ Red Flags,8,40+ Gritty Pylons,2,40+ Summer 2026,40+ Summer 2026,REG
,3-Jun-26,40+ Mid-Ice Crisis,5,40+ Puck Dynasty,4,40+ Summer 2026,40+ Summer 2026,REG
,3-Jun-26,Seagulls,5,Sockeyes,1,Division 5B,Division 5B,REG
,4-Jun-26,Pheasants,6,Chiefs,3,Division 2,Division 2,REG
,4-Jun-26,Hooligans,2,Greasy Weasels,1,Division 4B,Division 4C,REG
,4-Jun-26,Screaming Eagles,5,Skateful Dead,5,Division 4,Division 4,REG
,4-Jun-26,Puckbuddies,7,Rhinos,4,Division 3,Division 3,REG
,4-Jun-26,The Brigade,6,The Mighty Geoducks,9,Division 2,Division 2,REG
,4-Jun-26,Mighty Mallards,4,LLUA,3,Division 4B,Division 4B,REG
,4-Jun-26,Steelhead,1,Coconut Corgis,7,Division 4,Division 3B,REG
,4-Jun-26,MMHC,5,The Herd,6,Division 3,Division 3,REG
,4-Jun-26,DevilFish,8,Not Sure 5,3,Division 4C,Division 5,REG
,4-Jun-26,Boozin Cougs,11,Eagles,3,Division 3,Division 3,REG
,4-Jun-26,Maple Bars,5,Chinooks,7,Division 4,Division 3B,REG
,4-Jun-26,Skeletons,5,Moose Knuckle,1,Division 4C,Division 4C,REG
,7-Jun-26,SEA Cucumbers,3,Blackbirds,1,Division 8B,Division 9A,REG
,7-Jun-26,Spittin'' Llamas,2,Blackouts,4,Division 8,Division 8,REG
,7-Jun-26,Pond Pigeons,2,Spicy Kittens HC-8,1,Division 8A,Division 8,REG
,7-Jun-26,Seattle Slapshots,3,Pythons,3,Division 8B,Division 8B,REG
,7-Jun-26,Lagooners,8,Seal Team Sticks,2,Division 7B,Division 8,REG
,7-Jun-26,Seattle Dogs,5,Glow Sticks,1,Division 7B,Division 8,REG
,7-Jun-26,Nordekes,3,BLU Bombers,2,Division 7B,Division 7B,REG
,7-Jun-26,Roughnecks Mobile Infantry,3,LKI,4,Division 7B,Division 7A,REG
,7-Jun-26,Seattle Freeze,2,Not Sure 6,1,Division 6D,Division 6D,REG
,7-Jun-26,Fluffy Bunnies,0,Los Tigres,1,Division 7,Division 7,REG
,7-Jun-26,Seattle Seals,2,Iced Awesome,3,Division 7B,Division 7,REG
,7-Jun-26,Hungry Hatchlings,3,Toe Dragons,4,Division 8B,Division 8B,REG
,7-Jun-26,Barrel Aged Brewzers,2,Mudflaps,2,Division 6C,Division 6C,REG
,7-Jun-26,Chucklepucks,2,Raiders,6,Division 6D,Division 6C,REG
,7-Jun-26,Quacken,2,Birrds,2,Division 7,Division 7,REG
,7-Jun-26,Yacht Flippers,3,Fighting Clams,1,Division 9,Division 9,REG
,7-Jun-26,Orange Crush,5,Rainier Reindeers HC-9,2,Division 9,Division 9B,REG
,7-Jun-26,Wranglers,4,Trash Pandas 7/Coyotes,5,Division 6C,Division 6C,REG
,7-Jun-26,Real Bacon,2,Blades,5,Division 6D,Division 6C,REG
,7-Jun-26,Redrum,1,Rip-Its,6,Division 10B,Division 10B,REG
,7-Jun-26,Maelstrom,0,Mad Hat Tricks,0,Division 10B,Division 10B,REG
,7-Jun-26,Monarchs 6,3,Greenhorns,2,Division 6B,Division 6B,REG
,7-Jun-26,The Axolotls,2,Galactic Penguins,0,Division 10B,Division 10B,REG
,7-Jun-26,Gremlins Hockey,3,Khaos,4,Division 9B,Division 9A,REG
,7-Jun-26,Trash Pandas Garbage Legacy,3,Hampton West Hockey Club,4,Division 6D,Division 6D,REG
,7-Jun-26,Ice Breakers,5,Banana Guardians,0,Division 10,Division 10A,REG
,7-Jun-26,Beer Dragons,0,Doom Clouds/Golden Mules,0,Division 10A,Division 10A,REG
,7-Jun-26,Purple Reign,11,Purple Puck Eaters,1,Division 8B,Division 9B,REG
,7-Jun-26,Tropical Punchers,1,Mighty Moose,5,Division 9B,Division 9,REG
,7-Jun-26,Red Zeppelin,4,Spicy Kittens HC-9,2,Division 9B,Division 9B,REG
,8-Jun-26,TP6/Fossils,4,Dirty Couch Hockey Club,8,Division 6B,Division 6,REG
,8-Jun-26,Hackers,3,Rainier Reindeer HC-6,4,Division 6B,Division 6B,REG
,8-Jun-26,Jokres,2,Honey Badgers,4,Division 6B,Division 6,REG
,8-Jun-26,Midnight Twist,4,Piranhas,4,Division 5C,Division 5C,REG
,8-Jun-26,Flying Monkeys,3,Seattle Warriors,1,Division 5D,Division 6A,REG
,8-Jun-26,Brewzers OGB,7,Icemen,4,Division 6,Division 6,REG
,8-Jun-26,Highlanders,7,Monarchs 5,6,Division 5D,Division 5D,REG
,8-Jun-26,The Seals,1,PussyCats,0,Division 5D,Division 5D,REG
,8-Jun-26,Squids,1,Black Katz,5,Division 6,Division 5D,REG
,8-Jun-26,Ice-O-Topes,2,Offspring,2,Division 5B,Division 5B,REG
,8-Jun-26,Dumpster Fire,2,BSOD,3,Division 5,Division 5,REG
,9-Jun-26,Women''s Green,4,Women''s Yellow,2,Women''s Division Summer 2026,Women''s Division Summer 2026,REG
,9-Jun-26,Five Hole Fiends,4,Yetis,5,Division 5C,Division 5C,REG
,9-Jun-26,Reapers,4,Seagulls,6,Division 5B,Division 5B,REG
,9-Jun-26,Amigos,0,WKUTP-5,3,Division 5,Division 5,REG
,9-Jun-26,40+ Advanced Gritty Pylons,1,40+ Advanced Bakers Dozen,2,40+ Advanced Summer 2026,40+ Advanced Summer 2026,REG
,9-Jun-26,Women''s Grey,3,Women''s White,2,Women''s Division Summer 2026,Women''s Division Summer 2026,REG
,9-Jun-26,Night Owls,8,Mighty Mallards,3,Division 4,Division 4B,REG
,9-Jun-26,Women''s Pink,0,Women''s Royal,3,Women''s Division Summer 2026,Women''s Division Summer 2026,REG
,9-Jun-26,Alpuckas,5,Stingers,3,Division 5C,Division 5C,REG
,9-Jun-26,40+ Advanced Falk,6,40+ Advanced Tagami,3,40+ Advanced Summer 2026,40+ Advanced Summer 2026,REG
,9-Jun-26,Women''s Orange,0,Women''s Sky Blue,2,Women''s Division Summer 2026,Women''s Division Summer 2026,REG
,9-Jun-26,Not Sure 5,2,Top Cheddar,9,Division 5,Division 4C,REG
,9-Jun-26,Women''s Black,4,Women''s Red,2,Women''s Division Summer 2026,Women''s Division Summer 2026,REG
,10-Jun-26,Maple Bars,7,Buck Wild,2,Division 4,Division 4,REG
,10-Jun-26,40+ Coldtimers,3,40+ Red Flags,4,40+ Summer 2026,40+ Summer 2026,REG
,10-Jun-26,Renegades,1,Sockeyes,9,Division 5B,Division 5B,REG
,10-Jun-26,Greasy Weasels,4,Moose Knuckle,0,Division 4C,Division 4C,REG
,10-Jun-26,Sabercats,6,Coconut Corgis,1,Division 3B,Division 3B,REG
,10-Jun-26,40+ Geri Hat Tricks,5,40+ Puck Dynasty,5,40+ Summer 2026,40+ Summer 2026,REG
,10-Jun-26,MMHC,6,Goal Diggers,2,Division 3,Division 3B,REG
,10-Jun-26,40+ Assisted Living,2,40+ Mid-Ice Crisis,5,40+ Summer 2026,40+ Summer 2026,REG
,10-Jun-26,Wolves,7,Dead Rabbits,1,Division 4C,Division 5,REG
,10-Jun-26,Screaming Eagles,6,Schilling Cider,3,Division 4,Division 4B,REG
,10-Jun-26,Shockers,2,Chinooks,4,Division 3B,Division 3B,REG
,10-Jun-26,40+ Gritty Pylons,8,40+ Old Navy,3,40+ Summer 2026,40+ Summer 2026,REG
,10-Jun-26,Puckbuddies,8,Sasquatch,3,Division 3,Division 3B,REG
,10-Jun-26,40+ Carl''s Seniors,2,40+ Rusty Blades,9,40+ Summer 2026,40+ Summer 2026,REG
,11-Jun-26,Pheasants,6,Rhinos,1,Division 2,Division 3,REG
,11-Jun-26,Edible Arrangements,0,LLUA,3,Division 4B,Division 4B,REG
,11-Jun-26,Kraken Up,4,Hooligans,4,Division 4B,Division 4B,REG
,11-Jun-26,Boozin Cougs,7,The Herd,4,Division 3,Division 3,REG
,11-Jun-26,Red Dog,2,Chiefs,7,Division 2,Division 2,REG
,11-Jun-26,Steelhead,8,Skateful Dead,4,Division 4,Division 4,REG
,11-Jun-26,Skeletons,4,DevilFish,4,Division 4C,Division 4C,REG
,11-Jun-26,ESB,1,Falcons,8,Division 1A,Division 1A,REG
,11-Jun-26,The Brigade,4,Eagles,2,Division 2,Division 3,REG
,11-Jun-26,Mavericks,7,Fighting Narwhals,2,Division 2,Division 2,REG
,11-Jun-26,The Mighty Geoducks,0,Northwest Crabs,1,Division 2,Division 2,REG
,11-Jun-26,Seattle Supernova,3,ALTP,3,Division 1A,Division 1A,REG
,11-Jun-26,NW Stars,3,Minner''s Minions,7,Division 1A,Division 1A,REG
,14-Jun-26,Iced Awesome,0,Quacken,4,Division 7,Division 7,REG
,14-Jun-26,Lagooners,1,BLU Bombers,1,Division 7B,Division 7B,REG
,14-Jun-26,Chucklepucks,3,Hampton West Hockey Club,1,Division 6D,Division 6D,REG
,14-Jun-26,Seattle Seals,2,LKI,6,Division 7B,Division 7A,REG
,14-Jun-26,Birrds,9,Roughnecks Mobile Infantry,2,Division 7,Division 7B,REG
,14-Jun-26,Trash Pandas 7/Coyotes,2,Barrel Aged Brewzers,3,Division 6C,Division 6C,REG
,14-Jun-26,Seattle Freeze,2,Fluffy Bunnies,3,Division 6D,Division 7,REG
,14-Jun-26,Purple Reign,2,Fighting Clams,3,Division 8B,Division 9,REG
,14-Jun-26,Pond Pigeons,1,Blackouts,2,Division 8A,Division 8,REG
,14-Jun-26,Toe Dragons,0,SEA Cucumbers,2,Division 8B,Division 8B,REG
,14-Jun-26,Seattle Dogs,1,Nordekes,1,Division 7B,Division 7B,REG
,14-Jun-26,Khaos,5,Tropical Punchers,1,Division 9A,Division 9B,REG
,14-Jun-26,Spicy Kittens HC-9,2,Beer Dragons,1,Division 9B,Division 10A,REG
,14-Jun-26,Red Zeppelin,2,Ice Breakers,3,Division 9B,Division 10,REG
,14-Jun-26,Doom Clouds/Golden Mules,9,Galactic Penguins,0,Division 10A,Division 10B,REG
,14-Jun-26,Pythons,2,Blackbirds,2,Division 8B,Division 9A,REG
,14-Jun-26,Mighty Moose,9,Gremlins Hockey,0,Division 9,Division 9B,REG
,14-Jun-26,Not Sure 6,6,Los Tigres,0,Division 6D,Division 7,REG
,14-Jun-26,Blades,1,Mudflaps,1,Division 6C,Division 6C,REG
,14-Jun-26,Wranglers,6,Raiders,0,Division 6C,Division 6C,REG
,14-Jun-26,Hungry Hatchlings,3,Seattle Slapshots,7,Division 8B,Division 8B,REG
,14-Jun-26,Rainier Reindeers HC-9,5,Purple Puck Eaters,1,Division 9B,Division 9B,REG
,14-Jun-26,Real Bacon,3,Trash Pandas Garbage Legacy,0,Division 6D,Division 6D,REG
,14-Jun-26,Spicy Kittens HC-8,4,Seal Team Sticks,0,Division 8,Division 8,REG
,14-Jun-26,Glow Sticks,0,Spittin'' Llamas,3,Division 8,Division 8,REG
,14-Jun-26,Banana Guardians,4,The Axolotls,1,Division 10A,Division 10B,REG
,14-Jun-26,Mad Hat Tricks,5,Rip-Its,2,Division 10B,Division 10B,REG
,14-Jun-26,Yacht Flippers,0,Orange Crush,1,Division 9,Division 9,REG
,14-Jun-26,Maelstrom,8,Redrum,0,Division 10B,Division 10B,REG
,15-Jun-26,Seattle Warriors,2,Monarchs 6,1,Division 6A,Division 6B,REG
,15-Jun-26,Brewzers OGB,7,Squids,0,Division 6,Division 6,REG
,15-Jun-26,Honey Badgers,5,Rainier Reindeer HC-6,5,Division 6,Division 6B,REG
,15-Jun-26,The Seals,13,Monarchs 5,2,Division 5D,Division 5D,REG
,15-Jun-26,Black Katz,2,Highlanders,5,Division 5D,Division 5D,REG
,15-Jun-26,TP6/Fossils,4,Greenhorns,5,Division 6B,Division 6B,REG
,15-Jun-26,Stingers,5,Midnight Twist,1,Division 5C,Division 5C,REG
,15-Jun-26,Alpuckas,1,Piranhas,2,Division 5C,Division 5C,REG
,15-Jun-26,Dirty Couch Hockey Club,2,Icemen,0,Division 6,Division 6,REG
,15-Jun-26,PussyCats,6,Flying Monkeys,2,Division 5D,Division 5D,REG
,15-Jun-26,Jokres,5,Hackers,1,Division 6B,Division 6B,REG
,16-Jun-26,Women''s Grey,2,Women''s Royal,4,Women''s Division Summer 2026,Women''s Division Summer 2026,REG
,16-Jun-26,Women''s Green,5,Women''s Sky Blue,0,Women''s Division Summer 2026,Women''s Division Summer 2026,REG
,16-Jun-26,Renegades,8,Offspring,4,Division 5B,Division 5B,REG
,16-Jun-26,Reapers,5,Yetis,2,Division 5B,Division 5C,REG
,16-Jun-26,Ice-O-Topes,1,Seagulls,4,Division 5B,Division 5B,REG
,16-Jun-26,Women''s Orange,3,Women''s Red,0,Women''s Division Summer 2026,Women''s Division Summer 2026,REG
,16-Jun-26,Women''s Yellow,8,Women''s White,2,Women''s Division Summer 2026,Women''s Division Summer 2026,REG
,16-Jun-26,Sockeyes,3,Five Hole Fiends,9,Division 5B,Division 5C,REG
,16-Jun-26,40+ Advanced Tagami,5,40+ Advanced Gritty Pylons,1,40+ Advanced Summer 2026,40+ Advanced Summer 2026,REG
,16-Jun-26,Not Sure 5,5,Dumpster Fire,9,Division 5,Division 5,REG
,16-Jun-26,Dead Rabbits,3,WKUTP-5,3,Division 5,Division 5,REG
,16-Jun-26,Women''s Pink,4,Women''s Black,4,Women''s Division Summer 2026,Women''s Division Summer 2026,REG
,16-Jun-26,40+ Advanced Bakers Dozen,3,40+ Advanced Falk,6,40+ Advanced Summer 2026,40+ Advanced Summer 2026,REG
,17-Jun-26,Top Cheddar,3,DevilFish,2,Division 4C,Division 4C,REG
,17-Jun-26,40+ Gritty Pylons,3,40+ Assisted Living,3,40+ Summer 2026,40+ Summer 2026,REG
,17-Jun-26,Kraken Up,10,Mighty Mallards,6,Division 4B,Division 4B,REG
,17-Jun-26,40+ Geri Hat Tricks,1,40+ Mid-Ice Crisis,8,40+ Summer 2026,40+ Summer 2026,REG
,17-Jun-26,Moose Knuckle,6,Wolves,1,Division 4C,Division 4C,REG
,17-Jun-26,40+ Rusty Blades,6,40+ Red Flags,6,40+ Summer 2026,40+ Summer 2026,REG
,17-Jun-26,Amigos,3,BSOD,6,Division 5,Division 5,REG
,17-Jun-26,40+ Carl''s Seniors,0,40+ Puck Dynasty,6,40+ Summer 2026,40+ Summer 2026,REG
,17-Jun-26,40+ Coldtimers,4,40+ Old Navy,3,40+ Summer 2026,40+ Summer 2026,REG
,17-Jun-26,Edible Arrangements,6,Greasy Weasels,2,Division 4B,Division 4C,REG
,18-Jun-26,Chiefs,2,Northwest Crabs,3,Division 2,Division 2,REG
,18-Jun-26,ALTP,8,NW Stars,5,Division 1,Division 1,REG
,18-Jun-26,Steelhead,1,Screaming Eagles,4,Division 4A,Division 4A,REG
,18-Jun-26,Schilling Cider,3,Hooligans,4,Division 4B,Division 4B,REG
,18-Jun-26,Red Dog,4,Fighting Narwhals,0,Division 2,Division 2,REG
,18-Jun-26,ESB,4,Minner''s Minions,13,Division 1,Division 1,REG
,18-Jun-26,Seattle Supernova,6,Falcons,6,Division 1,Division 1,REG
,18-Jun-26,Maple Bars,3,Skateful Dead,3,Division 4A,Division 4A,REG
,18-Jun-26,Buck Wild,2,Night Owls,2,Division 4A,Division 4A,REG
,18-Jun-26,LLUA,5,Skeletons,3,Division 4B,Division 4C,REG
,18-Jun-26,The Mighty Geoducks,1,Mavericks,7,Division 2,Division 2,REG
,19-Jun-26,Purple Puck Eaters,3,Tropical Punchers,5,Division 9B,Division 9B,REG
,19-Jun-26,Khaos,5,Red Zeppelin,4,Division 9A,Division 9B,REG
,19-Jun-26,Rainier Reindeers HC-9,6,Spicy Kittens HC-9,3,Division 9B,Division 9B,REG
,19-Jun-26,Gremlins Hockey,3,Fighting Clams,6,Division 9B,Division 9A,REG
,20-Jun-26,Mighty Moose,4,Yacht Flippers,3,Division 9A,Division 9A,REG
,20-Jun-26,Blackbirds,2,Orange Crush,5,Division 9A,Division 9A,REG
,20-Jun-26,SEA Cucumbers,1,Pythons,3,Division 8B,Division 8B,REG
,20-Jun-26,Toe Dragons,3,Hungry Hatchlings,2,Division 8B,Division 8B,REG
,21-Jun-26,Jokres,4,Greenhorns,7,Division 6B,Division 6B,REG
,21-Jun-26,Seattle Slapshots,4,Purple Reign,3,Division 8B,Division 8B,REG
,21-Jun-26,Raiders,2,Mudflaps,1,Division 6C,Division 6C,REG
,21-Jun-26,Trash Pandas Garbage Legacy,1,Chucklepucks,5,Division 6D,Division 6D,REG
,21-Jun-26,Beer Dragons,0,Ice Breakers,5,Division 10A,Division 10A,REG
,21-Jun-26,Los Tigres,1,Quacken,6,Division 7A,Division 7A,REG
,21-Jun-26,Honey Badgers,4,Dirty Couch Hockey Club,2,Division 6A,Division 6A,REG
,21-Jun-26,Seattle Dogs,4,BLU Bombers,4,Division 7B,Division 7B,REG
,21-Jun-26,Birrds,5,Seattle Seals,5,Division 7A,Division 7B,REG
,21-Jun-26,Pond Pigeons,6,Glow Sticks,2,Division 8A,Division 8A,REG
,21-Jun-26,Banana Guardians,5,Doom Clouds/Golden Mules,6,Division 10A,Division 10A,REG
,21-Jun-26,Mad Hat Tricks,2,Galactic Penguins,1,Division 10B,Division 10B,REG
,21-Jun-26,The Axolotls,8,Redrum,0,Division 10B,Division 10B,REG
,21-Jun-26,Seal Team Sticks,2,Spittin'' Llamas,5,Division 8A,Division 8A,REG
,21-Jun-26,Hackers,2,Monarchs 6,6,Division 6B,Division 6B,REG
,21-Jun-26,Roughnecks Mobile Infantry,5,Lagooners,5,Division 7B,Division 7B,REG
,21-Jun-26,Maelstrom,2,Rip-Its,1,Division 10B,Division 10B,REG
,21-Jun-26,Brewzers OGB,6,Seattle Warriors,0,Division 6A,Division 6A,REG
,21-Jun-26,Real Bacon,2,Not Sure 6,5,Division 6D,Division 6D,REG
,21-Jun-26,Seattle Freeze,3,Hampton West Hockey Club,4,Division 6D,Division 6D,REG
,21-Jun-26,Blackouts,6,Spicy Kittens HC-8,7,Division 8A,Division 8A,REG
,21-Jun-26,Nordekes,6,LKI,2,Division 7B,Division 7A,REG
,21-Jun-26,Trash Pandas 7/Coyotes,2,Blades,3,Division 6C,Division 6C,REG
,21-Jun-26,Iced Awesome,0,Fluffy Bunnies,7,Division 7A,Division 7A,REG
,22-Jun-26,Alpuckas,4,Stingers,5,Division 5C,Division 5C,REG
,22-Jun-26,Wranglers,1,Barrel Aged Brewzers,3,Division 6C,Division 6C,REG
,22-Jun-26,Highlanders,7,PussyCats,2,Division 5D,Division 5D,REG
,22-Jun-26,TP6/Fossils,3,Rainier Reindeer HC-6,5,Division 6B,Division 6B,REG
,22-Jun-26,Icemen,7,Squids,5,Division 6A,Division 6A,REG
,22-Jun-26,Flying Monkeys,2,The Seals,6,Division 5D,Division 5D,REG
,22-Jun-26,Midnight Twist,0,Five Hole Fiends,10,Division 5C,Division 5C,REG
,22-Jun-26,Piranhas,3,Yetis,3,Division 5C,Division 5C,REG
,22-Jun-26,Black Katz,0,Monarchs 5,1,Division 5D,Division 5D,REG
,23-Jun-26,Women''s White,0,Women''s Sky Blue,3,Women''s Division Summer 2026,Women''s Division Summer 2026,REG
,23-Jun-26,40+ Advanced Gritty Pylons,7,40+ Advanced Falk,5,40+ Advanced Summer 2026,40+ Advanced Summer 2026,REG
,23-Jun-26,Amigos,6,Not Sure 5,7,Division 5A,Division 5A,REG
,23-Jun-26,Women''s Black,3,Women''s Orange,3,Women''s Division Summer 2026,Women''s Division Summer 2026,REG
,23-Jun-26,Women''s Green,3,Women''s Red,0,Women''s Division Summer 2026,Women''s Division Summer 2026,REG
,23-Jun-26,40+ Advanced Tagami,3,40+ Advanced Bakers Dozen,1,40+ Advanced Summer 2026,40+ Advanced Summer 2026,REG
,23-Jun-26,Dead Rabbits,9,BSOD,2,Division 5A,Division 5A,REG
,23-Jun-26,Women''s Yellow,5,Women''s Royal,2,Women''s Division Summer 2026,Women''s Division Summer 2026,REG
,23-Jun-26,Women''s Grey,1,Women''s Pink,2,Women''s Division Summer 2026,Women''s Division Summer 2026,REG
,23-Jun-26,Renegades,1,Reapers,2,Division 5B,Division 5B,REG
,24-Jun-26,40+ Rusty Blades,4,40+ Old Navy,0,40+ Summer 2026,40+ Summer 2026,REG
,24-Jun-26,40+ Coldtimers,2,40+ Gritty Pylons,3,40+ Summer 2026,40+ Summer 2026,REG
,24-Jun-26,Shockers,2,Goal Diggers,3,Division 3B,Division 3B,REG
,24-Jun-26,Dumpster Fire,3,WKUTP-5,3,Division 5A,Division 5A,REG
,24-Jun-26,40+ Red Flags,4,40+ Puck Dynasty,4,40+ Summer 2026,40+ Summer 2026,REG
,24-Jun-26,40+ Carl''s Seniors,0,40+ Mid-Ice Crisis,6,40+ Summer 2026,40+ Summer 2026,REG
,24-Jun-26,Top Cheddar,3,Greasy Weasels,7,Division 4C,Division 4C,REG
,24-Jun-26,Seagulls,4,Offspring,2,Division 5B,Division 5B,REG
,24-Jun-26,Wolves,7,DevilFish,4,Division 4C,Division 4C,REG
,24-Jun-26,40+ Assisted Living,7,40+ Geri Hat Tricks,4,40+ Summer 2026,40+ Summer 2026,REG
,24-Jun-26,Sockeyes,6,Ice-O-Topes,2,Division 5B,Division 5B,REG
,25-Jun-26,Puckbuddies,5,The Herd,7,Division 3A,Division 3A,REG
,25-Jun-26,Boozin Cougs,5,Rhinos,2,Division 3A,Division 3A,REG
,25-Jun-26,Red Dog,4,Mavericks,3,Division 2,Division 2,REG
,25-Jun-26,Sasquatch,3,Sabercats,2,Division 3B,Division 3B,REG
,25-Jun-26,MMHC,5,Eagles,8,Division 3A,Division 3A,REG
,25-Jun-26,ALTP,10,Minner''s Minions,7,Division 1,Division 1,REG
,25-Jun-26,Moose Knuckle,3,Skeletons,4,Division 4C,Division 4C,REG
,25-Jun-26,The Brigade,4,Fighting Narwhals,7,Division 2,Division 2,REG
,25-Jun-26,Coconut Corgis,5,Chinooks,11,Division 3B,Division 3B,REG
,25-Jun-26,Pheasants,1,Northwest Crabs,3,Division 2,Division 2,REG
,25-Jun-26,Falcons,5,NW Stars,6,Division 1,Division 1,REG
,25-Jun-26,ESB,1,Seattle Supernova,1,Division 1,Division 1,REG
,26-Jun-26,Pond Pigeons,0,Spicy Kittens HC-8,2,Division 8A,Division 8A,REG
,26-Jun-26,Glow Sticks,4,Spittin'' Llamas,1,Division 8A,Division 8A,REG
,27-Jun-26,Seattle Dogs,4,Lagooners,1,Division 7B,Division 7B,REG
,27-Jun-26,Blackouts,6,Seal Team Sticks,1,Division 8A,Division 8A,REG
,28-Jun-26,Rainier Reindeers HC-9,1,Khaos,2,Division 9B,Division 9A,REG
,28-Jun-26,Fluffy Bunnies,1,Quacken,4,Division 7A,Division 7A,REG
,28-Jun-26,Mudflaps,3,Blades,1,Division 6C,Division 6C,REG
,28-Jun-26,Purple Puck Eaters,8,Red Zeppelin,5,Division 9B,Division 9B,REG
,28-Jun-26,Maelstrom,2,The Axolotls,2,Division 10B,Division 10B,REG
,28-Jun-26,Highlanders,1,Black Katz,6,Division 5D,Division 5D,REG
,28-Jun-26,Roughnecks Mobile Infantry,4,Nordekes,3,Division 7B,Division 7B,REG
,28-Jun-26,Fighting Clams,8,Yacht Flippers,2,Division 9A,Division 9A,REG
,28-Jun-26,Not Sure 6,5,Hampton West Hockey Club,2,Division 6D,Division 6D,REG
,28-Jun-26,Tropical Punchers,4,Spicy Kittens HC-9,4,Division 9B,Division 9B,REG
,28-Jun-26,Hackers,2,Greenhorns,4,Division 6B,Division 6B,REG
,28-Jun-26,Real Bacon,0,Trash Pandas Garbage Legacy,4,Division 6D,Division 6D,REG
,28-Jun-26,Gremlins Hockey,1,Orange Crush,4,Division 9B,Division 9A,REG
,28-Jun-26,Hungry Hatchlings,0,Seattle Slapshots,8,Division 8B,Division 8B,REG
,28-Jun-26,Birrds,7,LKI,5,Division 7A,Division 7A,REG
,28-Jun-26,SEA Cucumbers,2,Toe Dragons,1,Division 8B,Division 8B,REG
,28-Jun-26,Beer Dragons,4,Banana Guardians,2,Division 10A,Division 10A,REG
,28-Jun-26,Rip-Its,5,Galactic Penguins,0,Division 10B,Division 10B,REG
,28-Jun-26,Iced Awesome,5,Los Tigres,2,Division 7A,Division 7A,REG
,28-Jun-26,Pythons,3,Purple Reign,1,Division 8B,Division 8B,REG
,28-Jun-26,Brewzers OGB,7,Icemen,3,Division 6A,Division 6A,REG
,28-Jun-26,Chucklepucks,4,Seattle Freeze,4,Division 6D,Division 6D,REG
,28-Jun-26,Ice Breakers,8,Doom Clouds/Golden Mules,1,Division 10A,Division 10A,REG
,28-Jun-26,Redrum,1,Mad Hat Tricks,4,Division 10B,Division 10B,REG
,28-Jun-26,Flying Monkeys,4,Monarchs 5,4,Division 5D,Division 5D,REG
,28-Jun-26,Raiders,1,Wranglers,3,Division 6C,Division 6C,REG
,28-Jun-26,Rainier Reindeer HC-6,1,Monarchs 6,3,Division 6B,Division 6B,REG
,28-Jun-26,Blackbirds,3,Mighty Moose,0,Division 9A,Division 9A,REG
,28-Jun-26,Seattle Seals,5,BLU Bombers,4,Division 7B,Division 7B,REG
,28-Jun-26,Honey Badgers,4,Seattle Warriors,4,Division 6A,Division 6A,REG
,29-Jun-26,Alpuckas,4,Piranhas,5,Division 5C,Division 5C,REG
,29-Jun-26,BSOD,4,WKUTP-5,4,Division 5A,Division 5A,REG
,29-Jun-26,Reapers,4,Offspring,4,Division 5B,Division 5B,REG
,29-Jun-26,The Seals,3,PussyCats,4,Division 5D,Division 5D,REG
,29-Jun-26,Amigos,5,Dumpster Fire,9,Division 5A,Division 5A,REG
,29-Jun-26,Dirty Couch Hockey Club,7,Squids,4,Division 6A,Division 6A,REG
,29-Jun-26,TP6/Fossils,6,Jokres,4,Division 6B,Division 6B,REG
,29-Jun-26,Moose Knuckle,2,Greasy Weasels,5,Division 4C,Division 4C,REG
,29-Jun-26,Barrel Aged Brewzers,1,Trash Pandas 7/Coyotes,3,Division 6C,Division 6C,REG
,29-Jun-26,Ice-O-Topes,0,Seagulls,2,Division 5B,Division 5B,REG
,30-Jun-26,Women''s Yellow,9,Women''s Pink,5,Women''s Division Summer 2026,Women''s Division Summer 2026,REG
,30-Jun-26,Dead Rabbits,3,Not Sure 5,1,Division 5A,Division 5A,REG
,30-Jun-26,Renegades,2,Sockeyes,7,Division 5B,Division 5B,REG
,30-Jun-26,Women''s Green,5,Women''s Orange,2,Women''s Division Summer 2026,Women''s Division Summer 2026,REG
,30-Jun-26,Women''s Black,5,Women''s Grey,3,Women''s Division Summer 2026,Women''s Division Summer 2026,REG
,30-Jun-26,40+ Advanced Bakers Dozen,5,40+ Advanced Gritty Pylons,2,40+ Advanced Summer 2026,40+ Advanced Summer 2026,REG
,30-Jun-26,Midnight Twist,2,Stingers,6,Division 5C,Division 5C,REG
,30-Jun-26,LLUA,9,Kraken Up,8,Division 4B,Division 4B,REG
,30-Jun-26,Women''s Sky Blue,0,Women''s Royal,3,Women''s Division Summer 2026,Women''s Division Summer 2026,REG
,30-Jun-26,Women''s White,9,Women''s Red,1,Women''s Division Summer 2026,Women''s Division Summer 2026,REG
,30-Jun-26,40+ Advanced Falk,1,40+ Advanced Tagami,5,40+ Advanced Summer 2026,40+ Advanced Summer 2026,REG
,30-Jun-26,Schilling Cider,5,Edible Arrangements,8,Division 4B,Division 4B,REG
,30-Jun-26,Five Hole Fiends,4,Yetis,1,Division 5C,Division 5C,REG
,1-Jul-26,DevilFish,7,Top Cheddar,2,Division 4C,Division 4C,REG
,1-Jul-26,Eagles,10,The Herd,4,Division 3A,Division 3A,REG
,1-Jul-26,Buck Wild,2,Screaming Eagles,4,Division 4A,Division 4A,REG
,1-Jul-26,40+ Rusty Blades,4,40+ Gritty Pylons,4,40+ Summer 2026,40+ Summer 2026,REG
,1-Jul-26,Chinooks,1,Shockers,5,Division 3B,Division 3B,REG
,1-Jul-26,Boozin Cougs,9,Puckbuddies,2,Division 3A,Division 3A,REG
,1-Jul-26,40+ Carl''s Seniors,2,40+ Geri Hat Tricks,5,40+ Summer 2026,40+ Summer 2026,REG
,1-Jul-26,40+ Puck Dynasty,8,40+ Old Navy,2,40+ Summer 2026,40+ Summer 2026,REG
,1-Jul-26,Fighting Narwhals,7,Pheasants,5,Division 2,Division 2,REG
,1-Jul-26,Skeletons,5,Wolves,7,Division 4C,Division 4C,REG
,1-Jul-26,40+ Assisted Living,3,40+ Coldtimers,5,40+ Summer 2026,40+ Summer 2026,REG
,1-Jul-26,40+ Red Flags,1,40+ Mid-Ice Crisis,7,40+ Summer 2026,40+ Summer 2026,REG
,2-Jul-26,Falcons,4,ALTP,5,Division 1,Division 1,REG
,2-Jul-26,Maple Bars,7,Steelhead,5,Division 4A,Division 4A,REG
,2-Jul-26,MMHC,10,Rhinos,13,Division 3A,Division 3A,REG
,2-Jul-26,Sasquatch,2,Coconut Corgis,6,Division 3B,Division 3B,REG
,2-Jul-26,ESB,5,Minner''s Minions,8,Division 1,Division 1,REG
,2-Jul-26,Mighty Mallards,4,Hooligans,3,Division 4B,Division 4B,REG
,2-Jul-26,Northwest Crabs,4,Mavericks,2,Division 2,Division 2,REG
,2-Jul-26,Seattle Supernova,3,NW Stars,6,Division 1,Division 1,REG
,2-Jul-26,Sabercats,2,Goal Diggers,3,Division 3B,Division 3B,REG
,2-Jul-26,Night Owls,2,Skateful Dead,7,Division 4A,Division 4A,REG
,2-Jul-26,Chiefs,6,The Brigade,1,Division 2,Division 2,REG
,2-Jul-26,Red Dog,8,The Mighty Geoducks,7,Division 2,Division 2,REG
,5-Jul-26,Hampton West Hockey Club,7,Trash Pandas Garbage Legacy,0,Division 6D,Division 6D,REG
,5-Jul-26,Chucklepucks,4,Real Bacon,1,Division 6D,Division 6D,REG
,5-Jul-26,Gremlins Hockey,2,Blackbirds,13,Division 9B,Division 9A,REG
,5-Jul-26,Monarchs 6,3,Jokres,3,Division 6B,Division 6B,REG
,5-Jul-26,Spicy Kittens HC-9,6,Red Zeppelin,2,Division 9B,Division 9B,REG
,5-Jul-26,Pond Pigeons,5,Blackouts,3,Division 8A,Division 8A,REG
,5-Jul-26,Yacht Flippers,0,Orange Crush,1,Division 9A,Division 9A,REG
,5-Jul-26,Fluffy Bunnies,8,LKI,0,Division 7A,Division 7A,REG
,5-Jul-26,Redrum,2,Maelstrom,3,Division 10B,Division 10B,REG
,5-Jul-26,Nordekes,7,Lagooners,4,Division 7B,Division 7B,REG
,5-Jul-26,BLU Bombers,9,Seattle Dogs,0,Division 7B,Division 7B,REG
,5-Jul-26,Glow Sticks,7,Seal Team Sticks,1,Division 8A,Division 8A,REG
,5-Jul-26,Hungry Hatchlings,6,SEA Cucumbers,3,Division 8B,Division 8B,REG
,5-Jul-26,Doom Clouds/Golden Mules,2,Beer Dragons,3,Division 10A,Division 10A,REG
,5-Jul-26,Rip-Its,4,Mad Hat Tricks,3,Division 10B,Division 10B,REG
,5-Jul-26,Barrel Aged Brewzers,4,Raiders,4,Division 6C,Division 6C,REG
,5-Jul-26,Galactic Penguins,0,The Axolotls,3,Division 10B,Division 10B,REG
,5-Jul-26,Banana Guardians,1,Ice Breakers,9,Division 10A,Division 10A,REG
,5-Jul-26,Fighting Clams,0,Mighty Moose,2,Division 9A,Division 9A,REG
,5-Jul-26,Mudflaps,5,Trash Pandas 7/Coyotes,2,Division 6C,Division 6C,REG
,5-Jul-26,Purple Puck Eaters,2,Khaos,8,Division 9B,Division 9A,REG
,5-Jul-26,Not Sure 6,10,Seattle Freeze,3,Division 6D,Division 6D,REG
,5-Jul-26,Tropical Punchers,1,Rainier Reindeers HC-9,4,Division 9B,Division 9B,REG
,5-Jul-26,Spittin'' Llamas,6,Spicy Kittens HC-8,3,Division 8A,Division 8A,REG
,5-Jul-26,Rainier Reindeer HC-6,9,Hackers,4,Division 6B,Division 6B,REG
,5-Jul-26,Roughnecks Mobile Infantry,4,Seattle Seals,2,Division 7B,Division 7B,REG
,5-Jul-26,Pythons,4,Seattle Slapshots,3,Division 8B,Division 8B,REG
,5-Jul-26,Purple Reign,1,Toe Dragons,5,Division 8B,Division 8B,REG
,5-Jul-26,Iced Awesome,3,Birrds,5,Division 7A,Division 7A,REG
,5-Jul-26,Quacken,5,Los Tigres,2,Division 7A,Division 7A,REG
,6-Jul-26,Honey Badgers,5,Brewzers OGB,6,Division 6A,Division 6A,REG
,6-Jul-26,Midnight Twist,0,Alpuckas,1,Division 5C,Division 5C,REG
,6-Jul-26,Yetis,1,Stingers,5,Division 5C,Division 5C,REG
,6-Jul-26,Greenhorns,2,TP6/Fossils,3,Division 6B,Division 6B,REG
,6-Jul-26,Squids,4,Seattle Warriors,4,Division 6A,Division 6A,REG
,6-Jul-26,Blades,3,Wranglers,4,Division 6C,Division 6C,REG
,6-Jul-26,Five Hole Fiends,5,Piranhas,3,Division 5C,Division 5C,REG
,6-Jul-26,Flying Monkeys,3,Black Katz,3,Division 5D,Division 5D,REG
,6-Jul-26,Dirty Couch Hockey Club,0,Icemen,3,Division 6A,Division 6A,REG
,6-Jul-26,The Seals,6,Highlanders,2,Division 5D,Division 5D,REG
,7-Jul-26,Women''s Yellow,3,Women''s Grey,0,Women''s Division Summer 2026,Women''s Division Summer 2026,REG
,7-Jul-26,Women''s Green,4,Women''s Black,1,Women''s Division Summer 2026,Women''s Division Summer 2026,REG
,7-Jul-26,Reapers,4,Seagulls,6,Division 5B,Division 5B,REG
,7-Jul-26,40+ Advanced Tagami,2,40+ Advanced Gritty Pylons,4,40+ Advanced Summer 2026,40+ Advanced Summer 2026,REG
,7-Jul-26,Women''s White,3,Women''s Orange,3,Women''s Division Summer 2026,Women''s Division Summer 2026,REG
,7-Jul-26,PussyCats,6,Monarchs 5,7,Division 5D,Division 5D,REG
,7-Jul-26,Women''s Royal,3,Women''s Red,2,Women''s Division Summer 2026,Women''s Division Summer 2026,REG
,7-Jul-26,Greasy Weasels,5,Wolves,1,Division 4C,Division 4C,REG
,7-Jul-26,40+ Advanced Falk,2,40+ Advanced Bakers Dozen,4,40+ Advanced Summer 2026,40+ Advanced Summer 2026,REG
,7-Jul-26,Women''s Sky Blue,2,Women''s Pink,5,Women''s Division Summer 2026,Women''s Division Summer 2026,REG
,7-Jul-26,WKUTP-5,4,Not Sure 5,0,Division 5A,Division 5A,REG
,7-Jul-26,Edible Arrangements,5,Mighty Mallards,4,Division 4B,Division 4B,REG
,8-Jul-26,Chiefs,7,Red Dog,4,Division 2,Division 2,REG
,8-Jul-26,Sabercats,2,Shockers,3,Division 3B,Division 3B,REG
,8-Jul-26,MMHC,3,Boozin Cougs,13,Division 3A,Division 3A,REG
,8-Jul-26,Offspring,5,Sockeyes,4,Division 5B,Division 5B,REG
,8-Jul-26,40+ Puck Dynasty,3,40+ Gritty Pylons,3,40+ Summer 2026,40+ Summer 2026,REG
,8-Jul-26,Screaming Eagles,5,Maple Bars,1,Division 4A,Division 4A,REG
,8-Jul-26,Dead Rabbits,2,Amigos,4,Division 5A,Division 5A,REG
,8-Jul-26,Kraken Up,5,Hooligans,1,Division 4B,Division 4B,REG
,8-Jul-26,Ice-O-Topes,7,Renegades,1,Division 5B,Division 5B,REG
,8-Jul-26,40+ Rusty Blades,4,40+ Coldtimers,2,40+ Summer 2026,40+ Summer 2026,REG
,8-Jul-26,40+ Red Flags,6,40+ Geri Hat Tricks,1,40+ Summer 2026,40+ Summer 2026,REG
,8-Jul-26,40+ Carl''s Seniors,2,40+ Assisted Living,4,40+ Summer 2026,40+ Summer 2026,REG
,8-Jul-26,Moose Knuckle,6,Top Cheddar,5,Division 4C,Division 4C,REG
,8-Jul-26,BSOD,1,Dumpster Fire,4,Division 5A,Division 5A,REG
,8-Jul-26,Night Owls,1,Buck Wild,4,Division 4A,Division 4A,REG
,8-Jul-26,40+ Old Navy,0,40+ Mid-Ice Crisis,4,40+ Summer 2026,40+ Summer 2026,REG
,9-Jul-26,NW Stars,4,Minner''s Minions,9,Division 1,Division 1,REG
,9-Jul-26,Mavericks,2,Fighting Narwhals,4,Division 2,Division 2,REG
,9-Jul-26,Sasquatch,12,Chinooks,8,Division 3B,Division 3B,REG
,9-Jul-26,Eagles,5,Puckbuddies,4,Division 3A,Division 3A,REG
,9-Jul-26,Seattle Supernova,5,Falcons,3,Division 1,Division 1,REG
,9-Jul-26,Northwest Crabs,14,The Mighty Geoducks,2,Division 2,Division 2,REG
,9-Jul-26,The Herd,5,Rhinos,7,Division 3A,Division 3A,REG
,9-Jul-26,DevilFish,2,Skeletons,4,Division 4C,Division 4C,REG
,9-Jul-26,LLUA,8,Schilling Cider,2,Division 4B,Division 4B,REG
,9-Jul-26,Pheasants,2,The Brigade,5,Division 2,Division 2,REG
,9-Jul-26,ESB,8,ALTP,5,Division 1,Division 1,REG
,9-Jul-26,Goal Diggers,2,Coconut Corgis,2,Division 3B,Division 3B,REG
,9-Jul-26,Steelhead,6,Skateful Dead,6,Division 4A,Division 4A,REG
,12-Jul-26,Los Tigres,4,LKI,4,Division 7A,Division 7A,REG
,12-Jul-26,Quacken,1,Iced Awesome,1,Division 7A,Division 7A,REG
,12-Jul-26,Nordekes,6,Seattle Dogs,3,Division 7B,Division 7B,REG
,12-Jul-26,Spicy Kittens HC-9,3,Purple Puck Eaters,5,Division 9B,Division 9B,REG
,12-Jul-26,Pythons,9,Hungry Hatchlings,1,Division 8B,Division 8B,REG
,12-Jul-26,Doom Clouds/Golden Mules,1,Banana Guardians,1,Division 10A,Division 10A,REG
,12-Jul-26,Fluffy Bunnies,2,Birrds,5,Division 7A,Division 7A,REG
,12-Jul-26,Purple Reign,1,SEA Cucumbers,5,Division 8B,Division 8B,REG
,12-Jul-26,Orange Crush,2,Mighty Moose,2,Division 9A,Division 9A,REG
,12-Jul-26,Hampton West Hockey Club,5,Real Bacon,5,Division 6D,Division 6D,REG
,12-Jul-26,Beer Dragons,1,Ice Breakers,2,Division 10A,Division 10A,REG
,12-Jul-26,Not Sure 6,3,Chucklepucks,3,Division 6D,Division 6D,REG
,12-Jul-26,BLU Bombers,2,Roughnecks Mobile Infantry,3,Division 7B,Division 7B,REG
,12-Jul-26,Lagooners,7,Seattle Seals,5,Division 7B,Division 7B,REG
,12-Jul-26,Fighting Clams,0,Blackbirds,8,Division 9A,Division 9A,REG
,12-Jul-26,Galactic Penguins,1,Maelstrom,2,Division 10B,Division 10B,REG
,12-Jul-26,Toe Dragons,0,Seattle Slapshots,6,Division 8B,Division 8B,REG
,12-Jul-26,Rainier Reindeer HC-6,3,Greenhorns,6,Division 6B,Division 6B,REG
,12-Jul-26,Glow Sticks,4,Blackouts,4,Division 8A,Division 8A,REG
,12-Jul-26,Red Zeppelin,0,Rainier Reindeers HC-9,1,Division 9B,Division 9B,REG
,12-Jul-26,Monarchs 6,5,TP6/Fossils,2,Division 6B,Division 6B,REG
,12-Jul-26,Rip-Its,10,Redrum,0,Division 10B,Division 10B,REG
,12-Jul-26,Trash Pandas Garbage Legacy,3,Seattle Freeze,2,Division 6D,Division 6D,REG
,12-Jul-26,Mudflaps,2,Barrel Aged Brewzers,3,Division 6C,Division 6C,REG
,12-Jul-26,Spicy Kittens HC-8,3,Seal Team Sticks,1,Division 8A,Division 8A,REG
,12-Jul-26,Blades,2,Raiders,4,Division 6C,Division 6C,REG
,12-Jul-26,Yacht Flippers,4,Gremlins Hockey,3,Division 9A,Division 9B,REG
,12-Jul-26,The Axolotls,5,Mad Hat Tricks,1,Division 10B,Division 10B,REG
,12-Jul-26,Khaos,6,Tropical Punchers,0,Division 9A,Division 9B,REG
,12-Jul-26,Spittin'' Llamas,4,Pond Pigeons,4,Division 8A,Division 8A,REG
,13-Jul-26,Black Katz,2,The Seals,5,Division 5D,Division 5D,REG
,13-Jul-26,Reapers,6,Ice-O-Topes,3,Division 5B,Division 5B,REG
,13-Jul-26,Yetis,5,Midnight Twist,4,Division 5C,Division 5C,REG
,13-Jul-26,Stingers,7,Piranhas,1,Division 5C,Division 5C,REG
,13-Jul-26,PussyCats,7,Flying Monkeys,5,Division 5D,Division 5D,REG
,13-Jul-26,Squids,2,Honey Badgers,4,Division 6A,Division 6A,REG
,13-Jul-26,Dirty Couch Hockey Club,2,Brewzers OGB,3,Division 6A,Division 6A,REG
,13-Jul-26,Jokres,5,Hackers,1,Division 6B,Division 6B,REG
,13-Jul-26,Wranglers,2,Trash Pandas 7/Coyotes,4,Division 6C,Division 6C,REG
,13-Jul-26,Monarchs 5,2,Highlanders,8,Division 5D,Division 5D,REG
,13-Jul-26,Seattle Warriors,7,Icemen,6,Division 6A,Division 6A,REG
,14-Jul-26,Edible Arrangements,6,LLUA,2,Division 4B,Division 4B,REG
,14-Jul-26,40+ Advanced Gritty Pylons,0,40+ Advanced Falk,1,40+ Advanced Summer 2026,40+ Advanced Summer 2026,REG
,14-Jul-26,Women''s Yellow,6,Women''s Black,6,Women''s Division Summer 2026,Women''s Division Summer 2026,REG
,14-Jul-26,Women''s Red,2,Women''s Pink,5,Women''s Division Summer 2026,Women''s Division Summer 2026,REG
,14-Jul-26,Kraken Up,1,Mighty Mallards,5,Division 4B,Division 4B,REG
,14-Jul-26,Moose Knuckle,1,DevilFish,3,Division 4C,Division 4C,REG
,14-Jul-26,40+ Advanced Bakers Dozen,5,40+ Advanced Tagami,5,40+ Advanced Summer 2026,40+ Advanced Summer 2026,REG
,14-Jul-26,Wolves,4,Top Cheddar,8,Division 4C,Division 4C,REG
,14-Jul-26,Women''s Royal,2,Women''s Orange,5,Women''s Division Summer 2026,Women''s Division Summer 2026,REG
,14-Jul-26,Women''s White,3,Women''s Green,3,Women''s Division Summer 2026,Women''s Division Summer 2026,REG
,14-Jul-26,Sockeyes,1,Seagulls,8,Division 5B,Division 5B,REG
,14-Jul-26,WKUTP-5,2,Dead Rabbits,5,Division 5A,Division 5A,REG
,14-Jul-26,Women''s Sky Blue,1,Women''s Grey,1,Women''s Division Summer 2026,Women''s Division Summer 2026,REG
,15-Jul-26,Pheasants,1,Chiefs,8,Division 2,Division 2,REG
,15-Jul-26,Not Sure 5,1,Dumpster Fire,6,Division 5A,Division 5A,REG
,15-Jul-26,40+ Old Navy,4,40+ Geri Hat Tricks,3,40+ Summer 2026,40+ Summer 2026,REG
,15-Jul-26,Greasy Weasels,2,Skeletons,2,Division 4C,Division 4C,REG
,15-Jul-26,BSOD,3,Amigos,5,Division 5A,Division 5A,REG
,15-Jul-26,The Herd,12,MMHC,8,Division 3A,Division 3A,REG
,15-Jul-26,40+ Rusty Blades,9,40+ Assisted Living,5,40+ Summer 2026,40+ Summer 2026,REG
,15-Jul-26,40+ Mid-Ice Crisis,6,40+ Gritty Pylons,1,40+ Summer 2026,40+ Summer 2026,REG
,15-Jul-26,Buck Wild,3,Maple Bars,1,Division 4A,Division 4A,REG
,15-Jul-26,Fighting Narwhals,7,The Mighty Geoducks,7,Division 2,Division 2,REG
,15-Jul-26,Five Hole Fiends,1,Alpuckas,8,Division 5C,Division 5C,REG
,15-Jul-26,Coconut Corgis,0,Shockers,2,Division 3B,Division 3B,REG
,15-Jul-26,40+ Puck Dynasty,6,40+ Coldtimers,1,40+ Summer 2026,40+ Summer 2026,REG
,15-Jul-26,40+ Red Flags,4,40+ Carl''s Seniors,1,40+ Summer 2026,40+ Summer 2026,REG
,15-Jul-26,Offspring,11,Renegades,7,Division 5B,Division 5B,REG
,15-Jul-26,Chinooks,5,Sabercats,7,Division 3B,Division 3B,REG
,16-Jul-26,Eagles,9,Boozin Cougs,1,Division 3A,Division 3A,REG
,16-Jul-26,Steelhead,4,Night Owls,4,Division 4A,Division 4A,REG
,16-Jul-26,Goal Diggers,3,Sasquatch,3,Division 3B,Division 3B,REG
,16-Jul-26,Mavericks,3,The Brigade,7,Division 2,Division 2,REG
,16-Jul-26,Skateful Dead,5,Screaming Eagles,10,Division 4A,Division 4A,REG
,16-Jul-26,Hooligans,2,Schilling Cider,5,Division 4B,Division 4B,REG
,16-Jul-26,Rhinos,3,Puckbuddies,5,Division 3A,Division 3A,REG
,16-Jul-26,ALTP,5,Seattle Supernova,1,Division 1,Division 1,REG
,16-Jul-26,NW Stars,4,ESB,3,Division 1,Division 1,REG
,16-Jul-26,Northwest Crabs,5,Red Dog,4,Division 2,Division 2,REG
,16-Jul-26,Minner''s Minions,6,Falcons,2,Division 1,Division 1,REG
,19-Jul-26,Spicy Kittens HC-9,3,Khaos,7,Division 9B,Division 9A,REG
,19-Jul-26,Seattle Freeze,5,Real Bacon,7,Division 6D,Division 6D,REG
,19-Jul-26,Trash Pandas Garbage Legacy,4,Not Sure 6,3,Division 6D,Division 6D,REG
,19-Jul-26,Banana Guardians,2,Beer Dragons,4,Division 10A,Division 10A,REG
,19-Jul-26,Mighty Moose,6,Gremlins Hockey,2,Division 9A,Division 9B,REG
,19-Jul-26,Trash Pandas 7/Coyotes,0,Raiders,7,Division 6C,Division 6C,REG
,19-Jul-26,Hampton West Hockey Club,4,Chucklepucks,5,Division 6D,Division 6D,REG
,19-Jul-26,Birrds,5,Quacken,9,Division 7A,Division 7A,REG
,19-Jul-26,Seattle Slapshots,6,SEA Cucumbers,1,Division 8B,Division 8B,REG
,19-Jul-26,Blackbirds,5,Yacht Flippers,0,Division 9A,Division 9A,REG
,19-Jul-26,Nordekes,4,BLU Bombers,4,Division 7B,Division 7B,REG
,19-Jul-26,Wranglers,1,Mudflaps,4,Division 6C,Division 6C,REG
,19-Jul-26,Spicy Kittens HC-8,1,Glow Sticks,7,Division 8A,Division 8A,REG
,19-Jul-26,Blackouts,5,Spittin'' Llamas,0,Division 8A,Division 8A,REG
,19-Jul-26,Los Tigres,4,Fluffy Bunnies,3,Division 7A,Division 7A,REG
,19-Jul-26,LKI,4,Iced Awesome,1,Division 7A,Division 7A,REG
,19-Jul-26,Seattle Seals,7,Seattle Dogs,3,Division 7B,Division 7B,REG
,19-Jul-26,The Axolotls,4,Rip-Its,1,Division 10B,Division 10B,REG
,19-Jul-26,Toe Dragons,0,Pythons,1,Division 8B,Division 8B,REG
,19-Jul-26,Purple Reign,1,Hungry Hatchlings,5,Division 8B,Division 8B,REG
,19-Jul-26,Red Zeppelin,4,Tropical Punchers,1,Division 9B,Division 9B,REG
,19-Jul-26,Greenhorns,1,Monarchs 6,4,Division 6B,Division 6B,REG
,19-Jul-26,Seal Team Sticks,3,Pond Pigeons,2,Division 8A,Division 8A,REG
,19-Jul-26,Mad Hat Tricks,1,Maelstrom,4,Division 10B,Division 10B,REG
,19-Jul-26,Lagooners,3,Roughnecks Mobile Infantry,2,Division 7B,Division 7B,REG
,19-Jul-26,Ice Breakers,5,Doom Clouds/Golden Mules,1,Division 10A,Division 10A,REG
,19-Jul-26,Rainier Reindeers HC-9,1,Purple Puck Eaters,3,Division 9B,Division 9B,REG
,19-Jul-26,Orange Crush,9,Fighting Clams,3,Division 9A,Division 9A,REG
,19-Jul-26,Galactic Penguins,6,Redrum,2,Division 10B,Division 10B,REG
,20-Jul-26,Seagulls,6,Renegades,2,Division 5B,Division 5B,REG
,20-Jul-26,Offspring,1,Ice-O-Topes,1,Division 5B,Division 5B,REG
,20-Jul-26,Seattle Warriors,2,Dirty Couch Hockey Club,6,Division 6A,Division 6A,REG
,20-Jul-26,Jokres,5,Rainier Reindeer HC-6,1,Division 6B,Division 6B,REG
,20-Jul-26,Stingers,3,Five Hole Fiends,2,Division 5C,Division 5C,REG
,20-Jul-26,Highlanders,7,Flying Monkeys,3,Division 5D,Division 5D,REG
,20-Jul-26,Icemen,3,Honey Badgers,5,Division 6A,Division 6A,REG
,20-Jul-26,Brewzers OGB,8,Squids,5,Division 6A,Division 6A,REG
,20-Jul-26,Piranhas,4,Midnight Twist,0,Division 5C,Division 5C,REG
,20-Jul-26,Alpuckas,3,Yetis,2,Division 5C,Division 5C,REG
,21-Jul-26,Monarchs 5,2,The Seals,10,Division 5D,Division 5D,REG
,21-Jul-26,Women''s Pink,1,Women''s Orange,3,Women''s Division Summer 2026,Women''s Division Summer 2026,REG
,21-Jul-26,Hackers,1,TP6/Fossils,7,Division 6B,Division 6B,REG
,21-Jul-26,PussyCats,4,Black Katz,4,Division 5D,Division 5D,REG
,21-Jul-26,Wolves,9,Moose Knuckle,6,Division 4C,Division 4C,REG
,21-Jul-26,Blades,5,Barrel Aged Brewzers,3,Division 6C,Division 6C,REG
,21-Jul-26,Women''s Sky Blue,2,Women''s Yellow,5,Women''s Division Summer 2026,Women''s Division Summer 2026,REG
,21-Jul-26,Women''s Red,4,Women''s Grey,3,Women''s Division Summer 2026,Women''s Division Summer 2026,REG
,21-Jul-26,40+ Advanced Falk,1,40+ Advanced Tagami,6,40+ Advanced Summer 2026,40+ Advanced Summer 2026,REG
,21-Jul-26,Sockeyes,4,Reapers,0,Division 5B,Division 5B,REG
,21-Jul-26,Kraken Up,4,Edible Arrangements,7,Division 4B,Division 4B,REG
,21-Jul-26,Not Sure 5,5,BSOD,8,Division 5A,Division 5A,REG
,21-Jul-26,Women''s Royal,0,Women''s Green,3,Women''s Division Summer 2026,Women''s Division Summer 2026,REG
,21-Jul-26,Women''s Black,3,Women''s White,2,Women''s Division Summer 2026,Women''s Division Summer 2026,REG
,21-Jul-26,40+ Advanced Gritty Pylons,3,40+ Advanced Bakers Dozen,5,40+ Advanced Summer 2026,40+ Advanced Summer 2026,REG
,22-Jul-26,40+ Old Navy,3,40+ Carl''s Seniors,2,40+ Summer 2026,40+ Summer 2026,REG
,22-Jul-26,Coconut Corgis,2,Sabercats,3,Division 3B,Division 3B,REG
,22-Jul-26,Skateful Dead,7,Maple Bars,0,Division 4A,Division 4A,REG
,22-Jul-26,Schilling Cider,4,Mighty Mallards,3,Division 4B,Division 4B,REG
,22-Jul-26,40+ Assisted Living,4,40+ Red Flags,1,40+ Summer 2026,40+ Summer 2026,REG
,22-Jul-26,40+ Puck Dynasty,3,40+ Rusty Blades,3,40+ Summer 2026,40+ Summer 2026,REG
,22-Jul-26,Screaming Eagles,2,Night Owls,3,Division 4A,Division 4A,REG
,22-Jul-26,Chinooks,3,Goal Diggers,5,Division 3B,Division 3B,REG
,22-Jul-26,Fighting Narwhals,5,Red Dog,6,Division 2,Division 2,REG
,22-Jul-26,Top Cheddar,1,Skeletons,2,Division 4C,Division 4C,REG
,22-Jul-26,40+ Mid-Ice Crisis,10,40+ Coldtimers,3,40+ Summer 2026,40+ Summer 2026,REG
,22-Jul-26,40+ Gritty Pylons,3,40+ Geri Hat Tricks,1,40+ Summer 2026,40+ Summer 2026,REG
,22-Jul-26,Dumpster Fire,5,Dead Rabbits,4,Division 5A,Division 5A,REG
,22-Jul-26,Shockers,3,Sasquatch,7,Division 3B,Division 3B,REG
,22-Jul-26,Amigos,10,WKUTP-5,1,Division 5A,Division 5A,REG
,23-Jul-26,Hooligans,2,LLUA,5,Division 4B,Division 4B,REG
,23-Jul-26,The Mighty Geoducks,4,The Brigade,5,Division 2,Division 2,REG
,23-Jul-26,Puckbuddies,5,MMHC,8,Division 3A,Division 3A,REG
,23-Jul-26,Falcons,8,ESB,6,Division 1,Division 1,REG
,23-Jul-26,Rhinos,3,Eagles,3,Division 3A,Division 3A,REG
,23-Jul-26,Greasy Weasels,0,DevilFish,7,Division 4C,Division 4C,REG
,23-Jul-26,Buck Wild,4,Steelhead,2,Division 4A,Division 4A,REG
,23-Jul-26,NW Stars,2,ALTP,5,Division 1,Division 1,REG
,23-Jul-26,Minner''s Minions,7,Seattle Supernova,3,Division 1,Division 1,REG
,23-Jul-26,Chiefs,4,Northwest Crabs,4,Division 2,Division 2,REG
,23-Jul-26,Boozin Cougs,11,The Herd,9,Division 3A,Division 3A,REG
,23-Jul-26,Mavericks,7,Pheasants,9,Division 2,Division 2,REG
,26-Jul-26,Maelstrom,0,Rip-Its,3,Division 10B,Division 10B,REG
,26-Jul-26,Ice Breakers,8,Banana Guardians,2,Division 10A,Division 10A,REG
,26-Jul-26,Spicy Kittens HC-8,0,Blackouts,5,Division 8A,Division 8A,REG
,26-Jul-26,LKI,2,Quacken,4,Division 7A,Division 7A,REG
,26-Jul-26,Lagooners,2,BLU Bombers,4,Division 7B,Division 7B,REG
,26-Jul-26,Seattle Freeze,6,Hampton West Hockey Club,10,Division 6D,Division 6D,REG
,26-Jul-26,Purple Puck Eaters,2,Tropical Punchers,3,Division 9B,Division 9B,REG
,26-Jul-26,Redrum,2,The Axolotls,4,Division 10B,Division 10B,REG
,26-Jul-26,Real Bacon,4,Not Sure 6,4,Division 6D,Division 6D,REG
,26-Jul-26,Los Tigres,3,Birrds,2,Division 7A,Division 7A,REG
,26-Jul-26,Mad Hat Tricks,4,Galactic Penguins,0,Division 10B,Division 10B,REG
,26-Jul-26,Gremlins Hockey,0,Red Zeppelin,3,Division 9B,Division 9B,REG
,26-Jul-26,Trash Pandas 7/Coyotes,3,Blades,5,Division 6C,Division 6C,REG
,26-Jul-26,Rainier Reindeers HC-9,3,Spicy Kittens HC-9,1,Division 9B,Division 9B,REG
,26-Jul-26,Chucklepucks,5,Trash Pandas Garbage Legacy,2,Division 6D,Division 6D,REG
,26-Jul-26,Orange Crush,1,Blackbirds,1,Division 9A,Division 9A,REG
,26-Jul-26,Mighty Moose,4,Yacht Flippers,3,Division 9A,Division 9A,REG
,26-Jul-26,Raiders,1,Mudflaps,6,Division 6C,Division 6C,REG
,26-Jul-26,Hungry Hatchlings,1,Toe Dragons,3,Division 8B,Division 8B,REG
,26-Jul-26,Iced Awesome,1,Fluffy Bunnies,3,Division 7A,Division 7A,REG
,26-Jul-26,Seal Team Sticks,5,Spittin'' Llamas,7,Division 8A,Division 8A,REG
,26-Jul-26,Seattle Slapshots,2,Purple Reign,3,Division 8B,Division 8B,REG
,26-Jul-26,Doom Clouds/Golden Mules,5,Beer Dragons,8,Division 10A,Division 10A,REG
,26-Jul-26,Seattle Seals,2,Nordekes,2,Division 7B,Division 7B,REG
,26-Jul-26,Pond Pigeons,2,Glow Sticks,1,Division 8A,Division 8A,REG
,26-Jul-26,SEA Cucumbers,1,Pythons,1,Division 8B,Division 8B,REG
,26-Jul-26,Khaos,6,Fighting Clams,3,Division 9A,Division 9A,REG
,26-Jul-26,Seattle Dogs,4,Roughnecks Mobile Infantry,3,Division 7B,Division 7B,REG
,27-Jul-26,Stingers,6,Alpuckas,6,Division 5C,Division 5C,REG
,27-Jul-26,Hackers,2,Monarchs 6,4,Division 6B,Division 6B,REG
,27-Jul-26,Honey Badgers,1,Dirty Couch Hockey Club,7,Division 6A,Division 6A,REG
,27-Jul-26,Highlanders,5,PussyCats,2,Division 5D,Division 5D,REG
,27-Jul-26,TP6/Fossils,1,Rainier Reindeer HC-6,4,Division 6B,Division 6B,REG
,27-Jul-26,Greenhorns,7,Jokres,8,Division 6B,Division 6B,REG
,27-Jul-26,Renegades,5,Reapers,6,Division 5B,Division 5B,REG
,27-Jul-26,Piranhas,2,Yetis,5,Division 5C,Division 5C,REG
,27-Jul-26,Seattle Warriors,5,Brewzers OGB,10,Division 6A,Division 6A,REG
,27-Jul-26,Ice-O-Topes,5,Sockeyes,3,Division 5B,Division 5B,REG
,28-Jul-26,Women''s Royal,4,Women''s White,6,Women''s Division Summer 2026,Women''s Division Summer 2026,REG
,28-Jul-26,Barrel Aged Brewzers,2,Wranglers,5,Division 6C,Division 6C,REG
,28-Jul-26,Schilling Cider,6,Kraken Up,5,Division 4B,Division 4B,REG
,28-Jul-26,Women''s Sky Blue,4,Women''s Black,1,Women''s Division Summer 2026,Women''s Division Summer 2026,REG
,28-Jul-26,Women''s Red,0,Women''s Yellow,7,Women''s Division Summer 2026,Women''s Division Summer 2026,REG
,28-Jul-26,Midnight Twist,2,Five Hole Fiends,6,Division 5C,Division 5C,REG
,28-Jul-26,Flying Monkeys,1,The Seals,6,Division 5D,Division 5D,REG
,28-Jul-26,40+ Advanced Tagami,3,40+ Advanced Gritty Pylons,4,40+ Advanced Summer 2026,40+ Advanced Summer 2026,REG
,28-Jul-26,Icemen,7,Squids,5,Division 6A,Division 6A,REG
,28-Jul-26,Women''s Orange,2,Women''s Grey,2,Women''s Division Summer 2026,Women''s Division Summer 2026,REG
,28-Jul-26,Women''s Pink,1,Women''s Green,3,Women''s Division Summer 2026,Women''s Division Summer 2026,REG
,28-Jul-26,Monarchs 5,1,Black Katz,5,Division 5D,Division 5D,REG
,28-Jul-26,Screaming Eagles,1,Steelhead,3,Division 4A,Division 4A,REG
,28-Jul-26,40+ Advanced Bakers Dozen,5,40+ Advanced Falk,3,40+ Advanced Summer 2026,40+ Advanced Summer 2026,REG
,28-Jul-26,DevilFish,8,Wolves,7,Division 4C,Division 4C,REG
,29-Jul-26,Rhinos,2,Boozin Cougs,10,Division 3A,Division 3A,REG
,29-Jul-26,Sasquatch,2,Sabercats,2,Division 3B,Division 3B,REG
,29-Jul-26,Night Owls,1,Maple Bars,6,Division 4A,Division 4A,REG
,29-Jul-26,40+ Gritty Pylons,1,40+ Carl''s Seniors,4,40+ Summer 2026,40+ Summer 2026,REG
,29-Jul-26,Seagulls,4,Offspring,2,Division 5B,Division 5B,REG
,29-Jul-26,Skateful Dead,5,Buck Wild,3,Division 4A,Division 4A,REG
,29-Jul-26,Hooligans,4,Edible Arrangements,2,Division 4B,Division 4B,REG
,29-Jul-26,40+ Mid-Ice Crisis,9,40+ Rusty Blades,5,40+ Summer 2026,40+ Summer 2026,REG
,29-Jul-26,40+ Old Navy,1,40+ Red Flags,0,40+ Summer 2026,40+ Summer 2026,REG
,29-Jul-26,The Brigade,4,Red Dog,2,Division 2,Division 2,REG
,29-Jul-26,Skeletons,5,Moose Knuckle,1,Division 4C,Division 4C,REG
,29-Jul-26,Coconut Corgis,4,Chinooks,9,Division 3B,Division 3B,REG
,29-Jul-26,Dumpster Fire,4,WKUTP-5,2,Division 5A,Division 5A,REG
,29-Jul-26,40+ Geri Hat Tricks,4,40+ Coldtimers,1,40+ Summer 2026,40+ Summer 2026,REG
,29-Jul-26,40+ Puck Dynasty,5,40+ Assisted Living,0,40+ Summer 2026,40+ Summer 2026,REG
,29-Jul-26,Dead Rabbits,4,BSOD,3,Division 5A,Division 5A,REG
,30-Jul-26,Mavericks,3,Chiefs,2,Division 2,Division 2,REG
,30-Jul-26,Not Sure 5,6,Amigos,6,Division 5A,Division 5A,REG
,30-Jul-26,Falcons,1,NW Stars,3,Division 1,Division 1,REG
,30-Jul-26,Mighty Mallards,3,LLUA,5,Division 4B,Division 4B,REG
,30-Jul-26,ESB,2,Seattle Supernova,2,Division 1,Division 1,REG
,30-Jul-26,Puckbuddies,4,The Herd,8,Division 3A,Division 3A,REG
,30-Jul-26,Fighting Narwhals,4,Northwest Crabs,11,Division 2,Division 2,REG
,30-Jul-26,The Mighty Geoducks,6,Pheasants,5,Division 2,Division 2,REG
,30-Jul-26,Top Cheddar,0,Greasy Weasels,6,Division 4C,Division 4C,REG
,30-Jul-26,ALTP,3,Minner''s Minions,8,Division 1,Division 1,REG
,30-Jul-26,Shockers,3,Goal Diggers,3,Division 3B,Division 3B,REG
,30-Jul-26,MMHC,3,Eagles,12,Division 3A,Division 3A,REG
,2-Aug-26,Banana Guardians,1,Doom Clouds/Golden Mules,5,Division 10A,Division 10A,REG
,2-Aug-26,SEA Cucumbers,1,Toe Dragons,3,Division 8B,Division 8B,REG
,2-Aug-26,Khaos,3,Orange Crush,1,Division 9A,Division 9A,REG
,2-Aug-26,BLU Bombers,7,Seattle Seals,7,Division 7B,Division 7B,REG
,2-Aug-26,Blackouts,4,Seal Team Sticks,6,Division 8A,Division 8A,REG
,2-Aug-26,Beer Dragons,1,Ice Breakers,5,Division 10A,Division 10A,REG
,2-Aug-26,Blackbirds,2,Mighty Moose,0,Division 9A,Division 9A,REG
,2-Aug-26,Seattle Freeze,5,Chucklepucks,8,Division 6D,Division 6D,REG
,2-Aug-26,Raiders,4,Wranglers,6,Division 6C,Division 6C,REG
,2-Aug-26,Mudflaps,5,Blades,3,Division 6C,Division 6C,REG
,2-Aug-26,Pythons,8,Purple Reign,1,Division 8B,Division 8B,REG
,2-Aug-26,Fluffy Bunnies,4,Quacken,7,Division 7A,Division 7A,REG
,2-Aug-26,Iced Awesome,0,Los Tigres,7,Division 7A,Division 7A,REG
,2-Aug-26,Tropical Punchers,2,Spicy Kittens HC-9,2,Division 9B,Division 9B,REG
,2-Aug-26,Roughnecks Mobile Infantry,3,Nordekes,1,Division 7B,Division 7B,REG
,2-Aug-26,Mad Hat Tricks,6,Redrum,0,Division 10B,Division 10B,REG
,2-Aug-26,Seattle Slapshots,7,Hungry Hatchlings,4,Division 8B,Division 8B,REG
,2-Aug-26,Glow Sticks,0,Spittin'' Llamas,2,Division 8A,Division 8A,REG
,2-Aug-26,Birrds,7,LKI,3,Division 7A,Division 7A,REG
,2-Aug-26,Pond Pigeons,5,Spicy Kittens HC-8,5,Division 8A,Division 8A,REG
,2-Aug-26,Fighting Clams,2,Yacht Flippers,4,Division 9A,Division 9A,REG
,2-Aug-26,Trash Pandas 7/Coyotes,1,Barrel Aged Brewzers,5,Division 6C,Division 6C,REG
,2-Aug-26,Purple Puck Eaters,4,Red Zeppelin,1,Division 9B,Division 9B,REG
,2-Aug-26,Gremlins Hockey,2,Rainier Reindeers HC-9,4,Division 9B,Division 9B,REG
,2-Aug-26,Maelstrom,1,The Axolotls,6,Division 10B,Division 10B,REG
,2-Aug-26,Rip-Its,2,Galactic Penguins,3,Division 10B,Division 10B,REG
,2-Aug-26,Seattle Dogs,4,Lagooners,5,Division 7B,Division 7B,REG
,2-Aug-26,Not Sure 6,3,Hampton West Hockey Club,11,Division 6D,Division 6D,REG
,3-Aug-26,Rainier Reindeer HC-6,3,Monarchs 6,4,Division 6B,Division 6B,REG
,3-Aug-26,TP6/Fossils,5,Jokres,4,Division 6B,Division 6B,REG
,3-Aug-26,Black Katz,5,Highlanders,3,Division 5D,Division 5D,REG
,3-Aug-26,Piranhas,6,Stingers,1,Division 5C,Division 5C,REG
,3-Aug-26,Flying Monkeys,5,Monarchs 5,3,Division 5D,Division 5D,REG
,3-Aug-26,Alpuckas,1,Midnight Twist,0,Division 5C,Division 5C,REG
,3-Aug-26,Real Bacon,5,Trash Pandas Garbage Legacy,1,Division 6D,Division 6D,REG
,3-Aug-26,Hackers,5,Greenhorns,2,Division 6B,Division 6B,REG
,3-Aug-26,The Seals,7,PussyCats,1,Division 5D,Division 5D,REG
1,3-Aug-26,Women''s Orange,2,Women''s Sky Blue,3,Women''s Division Gold Summer 2026,Women''s Division Gold Summer 2026,SO
2,3-Aug-26,Women''s White,0,Women''s Black,1,Women''s Division Gold Summer 2026,Women''s Division Gold Summer 2026,REG
,4-Aug-26,Reapers,3,Offspring,6,Division 5B,Division 5B,REG
,4-Aug-26,Dirty Couch Hockey Club,9,Squids,5,Division 6A,Division 6A,REG
,4-Aug-26,Renegades,7,Sockeyes,8,Division 5B,Division 5B,REG
,4-Aug-26,40+ Advanced Gritty Pylons,1,40+ Advanced Falk,3,40+ Advanced Summer 2026,40+ Advanced Summer 2026,REG
,4-Aug-26,Dead Rabbits,6,Not Sure 5,2,Division 5A,Division 5A,REG
,4-Aug-26,Top Cheddar,3,DevilFish,1,Division 4C,Division 4C,REG
,4-Aug-26,Boozin Cougs,5,Puckbuddies,6,Division 3A,Division 3A,REG
,4-Aug-26,40+ Advanced Tagami,2,40+ Advanced Bakers Dozen,3,40+ Advanced Summer 2026,40+ Advanced Summer 2026,REG
,4-Aug-26,Honey Badgers,3,Seattle Warriors,2,Division 6A,Division 6A,REG
,4-Aug-26,Brewzers OGB,5,Icemen,0,Division 6A,Division 6A,REG
,4-Aug-26,Five Hole Fiends,7,Yetis,2,Division 5C,Division 5C,REG
1,4-Aug-26,Women''s Red,1,Women''s Royal,3,Women''s Division Silver Summer 2026,Women''s Division Silver Summer 2026,REG
2,4-Aug-26,Women''s Grey,4,Women''s Pink,2,Women''s Division Silver Summer 2026,Women''s Division Silver Summer 2026,REG
3,4-Aug-26,Women''s Sky Blue,1,Women''s Green,0,Women''s Division Gold Summer 2026,Women''s Division Gold Summer 2026,SO
4,4-Aug-26,Women''s Black,7,Women''s Yellow,4,Women''s Division Gold Summer 2026,Women''s Division Gold Summer 2026,REG
,5-Aug-26,Night Owls,2,Skateful Dead,2,Division 4A,Division 4A,REG
,5-Aug-26,Buck Wild,4,Screaming Eagles,6,Division 4A,Division 4A,REG
,5-Aug-26,Moose Knuckle,5,Greasy Weasels,1,Division 4C,Division 4C,REG
,5-Aug-26,The Brigade,5,Northwest Crabs,6,Division 2,Division 2,REG
,5-Aug-26,Edible Arrangements,3,Schilling Cider,3,Division 4B,Division 4B,REG
,5-Aug-26,40+ Coldtimers,6,40+ Carl''s Seniors,0,40+ Summer 2026,40+ Summer 2026,REG
,5-Aug-26,Skeletons,8,Wolves,5,Division 4C,Division 4C,REG
,5-Aug-26,Seagulls,4,Ice-O-Topes,1,Division 5B,Division 5B,REG
,5-Aug-26,40+ Assisted Living,5,40+ Old Navy,0,40+ Summer 2026,40+ Summer 2026,REG
,5-Aug-26,Sasquatch,4,Coconut Corgis,0,Division 3B,Division 3B,REG
,5-Aug-26,BSOD,3,WKUTP-5,2,Division 5A,Division 5A,REG
,5-Aug-26,40+ Mid-Ice Crisis,5,40+ Puck Dynasty,2,40+ Summer 2026,40+ Summer 2026,REG
,5-Aug-26,Amigos,5,Dumpster Fire,6,Division 5A,Division 5A,REG
,5-Aug-26,Mighty Mallards,2,Hooligans,1,Division 4B,Division 4B,REG
,5-Aug-26,40+ Geri Hat Tricks,1,40+ Rusty Blades,3,40+ Summer 2026,40+ Summer 2026,REG
,5-Aug-26,40+ Gritty Pylons,5,40+ Red Flags,4,40+ Summer 2026,40+ Summer 2026,REG
,5-Aug-26,Eagles,7,The Herd,7,Division 3A,Division 3A,REG
,6-Aug-26,MMHC,3,Rhinos,11,Division 3A,Division 3A,REG
,6-Aug-26,LLUA,2,Kraken Up,2,Division 4B,Division 4B,REG
,6-Aug-26,Shockers,5,Chinooks,3,Division 3B,Division 3B,REG
,6-Aug-26,Maple Bars,4,Steelhead,4,Division 4A,Division 4A,REG
,6-Aug-26,Seattle Supernova,3,NW Stars,6,Division 1,Division 1,REG
,6-Aug-26,The Mighty Geoducks,5,Mavericks,6,Division 2,Division 2,REG
,6-Aug-26,ALTP,6,Falcons,6,Division 1,Division 1,REG
,6-Aug-26,Sabercats,5,Goal Diggers,7,Division 3B,Division 3B,REG
,6-Aug-26,Chiefs,1,Fighting Narwhals,0,Division 2,Division 2,REG
,6-Aug-26,ESB,3,Minner''s Minions,13,Division 1,Division 1,REG
,6-Aug-26,Red Dog,5,Pheasants,4,Division 2,Division 2,REG
,9-Aug-26,Spittin'' Llamas,8,Spicy Kittens HC-8,1,Division 8A,Division 8A,REG
,9-Aug-26,Yacht Flippers,1,Orange Crush,8,Division 9A,Division 9A,REG
,9-Aug-26,Fluffy Bunnies,6,LKI,1,Division 7A,Division 7A,REG
,9-Aug-26,Hampton West Hockey Club,3,Trash Pandas Garbage Legacy,2,Division 6D,Division 6D,REG
,9-Aug-26,Pythons,5,Seattle Slapshots,0,Division 8B,Division 8B,REG
,9-Aug-26,Blackouts,2,Pond Pigeons,2,Division 8A,Division 8A,REG
,9-Aug-26,Galactic Penguins,1,The Axolotls,6,Division 10B,Division 10B,REG
,9-Aug-26,Rainier Reindeer HC-6,5,Hackers,1,Division 6B,Division 6B,REG
,9-Aug-26,Birrds,7,Iced Awesome,4,Division 7A,Division 7A,REG
,9-Aug-26,Roughnecks Mobile Infantry,1,Seattle Seals,4,Division 7B,Division 7B,REG
,9-Aug-26,Redrum,0,Maelstrom,7,Division 10B,Division 10B,REG
,9-Aug-26,Tropical Punchers,2,Rainier Reindeers HC-9,2,Division 9B,Division 9B,REG
,9-Aug-26,Rip-Its,4,Mad Hat Tricks,3,Division 10B,Division 10B,REG
,9-Aug-26,Mudflaps,4,Trash Pandas 7/Coyotes,1,Division 6C,Division 6C,REG
,9-Aug-26,Glow Sticks,3,Seal Team Sticks,0,Division 8A,Division 8A,REG
,9-Aug-26,Fighting Clams,1,Mighty Moose,9,Division 9A,Division 9A,REG
,9-Aug-26,Purple Puck Eaters,1,Gremlins Hockey,3,Division 9B,Division 9B,REG
,9-Aug-26,Ice Breakers,4,Doom Clouds/Golden Mules,3,Division 10A,Division 10A,REG
,9-Aug-26,Not Sure 6,2,Seattle Freeze,2,Division 6D,Division 6D,REG
,9-Aug-26,Beer Dragons,4,Banana Guardians,1,Division 10A,Division 10A,REG
,9-Aug-26,Purple Reign,3,Toe Dragons,4,Division 8B,Division 8B,REG
,9-Aug-26,Spicy Kittens HC-9,6,Red Zeppelin,4,Division 9B,Division 9B,REG
,9-Aug-26,Hungry Hatchlings,2,SEA Cucumbers,0,Division 8B,Division 8B,REG
,9-Aug-26,Quacken,4,Los Tigres,8,Division 7A,Division 7A,REG
,9-Aug-26,Nordekes,6,Lagooners,3,Division 7B,Division 7B,REG
,9-Aug-26,Seattle Dogs,5,BLU Bombers,4,Division 7B,Division 7B,REG
,9-Aug-26,Blackbirds,4,Khaos,5,Division 9A,Division 9A,REG
,9-Aug-26,Chucklepucks,2,Real Bacon,3,Division 6D,Division 6D,REG
,10-Aug-26,Squids,1,Seattle Warriors,8,Division 6A,Division 6A,REG
,10-Aug-26,The Seals,8,Highlanders,3,Division 5D,Division 5D,REG
,10-Aug-26,Dirty Couch Hockey Club,4,Icemen,4,Division 6A,Division 6A,REG
,10-Aug-26,Alpuckas,2,Piranhas,2,Division 5C,Division 5C,REG
,10-Aug-26,TP6/Fossils,3,Greenhorns,1,Division 6B,Division 6B,REG
,10-Aug-26,Monarchs 6,2,Jokres,1,Division 6B,Division 6B,REG
,10-Aug-26,Blades,5,Wranglers,5,Division 6C,Division 6C,REG
,10-Aug-26,Barrel Aged Brewzers,7,Raiders,2,Division 6C,Division 6C,REG
,10-Aug-26,Brewzers OGB,4,Honey Badgers,5,Division 6A,Division 6A,REG
1,10-Aug-26,DevilFish,3,Top Cheddar,2,Division 4C,Division 4C,REG
2,10-Aug-26,Moose Knuckle,2,Wolves,8,Division 4C,Division 4C,REG
,11-Aug-26,LLUA,4,Schilling Cider,1,Division 4B,Division 4B,REG
,11-Aug-26,Mighty Mallards,5,Edible Arrangements,2,Division 4B,Division 4B,REG
,11-Aug-26,Steelhead,2,Skateful Dead,1,Division 4A,Division 4A,REG
,11-Aug-26,Monarchs 5,3,PussyCats,9,Division 5D,Division 5D,REG
,11-Aug-26,Flying Monkeys,2,Black Katz,4,Division 5D,Division 5D,REG
1,11-Aug-26,Amigos,2,BSOD,3,Division 5A,Division 5A,REG
1,11-Aug-26,40+ Advanced Gritty Pylons,3,40+ Advanced Tagami,2,40+ Advanced Summer 2026,40+ Advanced Summer 2026,OT
2,11-Aug-26,Not Sure 5,2,WKUTP-5,10,Division 5A,Division 5A,REG
2,11-Aug-26,40+ Advanced Falk,4,40+ Advanced Bakers Dozen,2,40+ Advanced Summer 2026,40+ Advanced Summer 2026,REG
3,11-Aug-26,Women''s Grey,2,Women''s Royal,3,Women''s Division Silver Summer 2026,Women''s Division Silver Summer 2026,REG
4,11-Aug-26,Women''s Pink,1,Women''s Red,5,Women''s Division Silver Summer 2026,Women''s Division Silver Summer 2026,REG
5,11-Aug-26,Women''s Black,7,Women''s Sky Blue,2,Women''s Division Gold Summer 2026,Women''s Division Gold Summer 2026,REG
6,11-Aug-26,Women''s White,4,Women''s Orange,1,Women''s Division Gold Summer 2026,Women''s Division Gold Summer 2026,REG
7,11-Aug-26,Women''s Yellow,4,Women''s Green,0,Women''s Division Gold Summer 2026,Women''s Division Gold Summer 2026,REG
,12-Aug-26,Chinooks,3,Sasquatch,7,Division 3B,Division 3B,REG
,12-Aug-26,Eagles,9,Puckbuddies,7,Division 3A,Division 3A,REG
,12-Aug-26,The Brigade,10,Fighting Narwhals,2,Division 2,Division 2,REG
,12-Aug-26,Sabercats,3,Shockers,1,Division 3B,Division 3B,REG
,12-Aug-26,Maple Bars,3,Screaming Eagles,4,Division 4A,Division 4A,REG
,12-Aug-26,Red Dog,2,Mavericks,4,Division 2,Division 2,REG
,12-Aug-26,Buck Wild,1,Night Owls,0,Division 4A,Division 4A,REG
,12-Aug-26,The Herd,4,Rhinos,6,Division 3A,Division 3A,REG
,12-Aug-26,Boozin Cougs,0,MMHC,1,Division 3A,Division 3A,REG
,12-Aug-26,Kraken Up,8,Hooligans,6,Division 4B,Division 4B,REG
1,12-Aug-26,40+ Gritty Pylons,1,40+ Mid-Ice Crisis,5,40+ Summer Gold 2026,40+ Summer Gold 2026,REG
1,12-Aug-26,40+ Old Navy (5),1,40+ Geri Hat Tricks (4),2,40+ Summer Silver 2026,40+ Summer Silver 2026,REG
1,12-Aug-26,Ice-O-Topes,4,Offspring,3,Division 5B,Division 5B,REG
2,12-Aug-26,40+ Assisted Living,6,40+ Rusty Blades,5,40+ Summer Gold 2026,40+ Summer Gold 2026,SO
2,12-Aug-26,40+ Carl''s Seniors (6),2,40+ Coldtimers (3),1,40+ Summer Silver 2026,40+ Summer Silver 2026,SO
,13-Aug-26,Pheasants,4,Northwest Crabs,9,Division 2,Division 2,REG
,13-Aug-26,ESB,3,ALTP,8,Division 1,Division 1,REG
,13-Aug-26,Goal Diggers,9,Coconut Corgis,2,Division 3B,Division 3B,REG
,13-Aug-26,NW Stars,4,Minner''s Minions,10,Division 1,Division 1,REG
,13-Aug-26,The Mighty Geoducks,5,Chiefs,5,Division 2,Division 2,REG
,13-Aug-26,Seattle Supernova,3,Falcons,7,Division 1,Division 1,REG
1,13-Aug-26,Yetis,6,Piranhas,3,Division 5C,Division 5C,REG
1,13-Aug-26,Seattle Warriors,5,Icemen,2,Division 6A,Division 6A,REG
2,13-Aug-26,Renegades,5,Reapers,1,Division 5B,Division 5B,REG
2,13-Aug-26,Midnight Twist,0,Stingers,5,Division 5C,Division 5C,REG
2,13-Aug-26,Squids,0,Dirty Couch Hockey Club,8,Division 6A,Division 6A,REG
,16-Aug-26,BLU Bombers,2,Roughnecks Mobile Infantry,3,Division 7B,Division 7B,REG
,16-Aug-26,Tropical Punchers,9,Gremlins Hockey,1,Division 9B,Division 9B,REG
,16-Aug-26,Quacken,4,Iced Awesome,8,Division 7A,Division 7A,REG
,16-Aug-26,Toe Dragons,1,Seattle Slapshots,4,Division 8B,Division 8B,REG
,16-Aug-26,Fighting Clams,2,Blackbirds,7,Division 9A,Division 9A,REG
,16-Aug-26,Redrum,1,Rip-Its,9,Division 10B,Division 10B,REG
,16-Aug-26,Nordekes,3,Seattle Dogs,5,Division 7B,Division 7B,REG
,16-Aug-26,Glow Sticks,3,Blackouts,7,Division 8A,Division 8A,REG
,16-Aug-26,Red Zeppelin,2,Rainier Reindeers HC-9,2,Division 9B,Division 9B,REG
,16-Aug-26,Hungry Hatchlings,3,Pythons,5,Division 8B,Division 8B,REG
,16-Aug-26,Galactic Penguins,2,Maelstrom,3,Division 10B,Division 10B,REG
,16-Aug-26,Yacht Flippers,2,Khaos,6,Division 9A,Division 9A,REG
,16-Aug-26,Spittin'' Llamas,3,Pond Pigeons,6,Division 8A,Division 8A,REG
,16-Aug-26,The Axolotls,10,Mad Hat Tricks,0,Division 10B,Division 10B,REG
,16-Aug-26,Orange Crush,2,Mighty Moose,3,Division 9A,Division 9A,REG
,16-Aug-26,Purple Reign,1,SEA Cucumbers,3,Division 8B,Division 8B,REG
,16-Aug-26,Lagooners,6,Seattle Seals,9,Division 7B,Division 7B,REG
,16-Aug-26,Banana Guardians,1,Ice Breakers,12,Division 10A,Division 10A,REG
,16-Aug-26,Fluffy Bunnies,7,Birrds,11,Division 7A,Division 7A,REG
,16-Aug-26,Doom Clouds/Golden Mules,2,Beer Dragons,5,Division 10A,Division 10A,REG
1,16-Aug-26,Trash Pandas Garbage Legacy,2,Real Bacon,6,Division 6D,Division 6D,REG
1,16-Aug-26,Jokres,2,Greenhorns,0,Division 6B,Division 6B,REG
1,16-Aug-26,Trash Pandas 7/Coyotes,1,Wranglers,6,Division 6C,Division 6C,REG
2,16-Aug-26,Seattle Freeze,4,Not Sure 6,5,Division 6D,Division 6D,OT
2,16-Aug-26,Hackers,0,TP6/Fossils,2,Division 6B,Division 6B,REG
2,16-Aug-26,Raiders,2,Blades,5,Division 6C,Division 6C,REG
3,17-Aug-26,Ice-O-Topes,8,Seagulls,3,Division 5B,Division 5B,REG
3,17-Aug-26,Seattle Warriors,3,Brewzers OGB,4,Division 6A,Division 6A,REG
3,17-Aug-26,DevilFish,2,Skeletons,4,Division 4C,Division 4C,REG
3,17-Aug-26,BSOD,6,Dumpster Fire,2,Division 5A,Division 5A,REG
3,17-Aug-26,Yetis,5,Alpuckas,2,Division 5C,Division 5C,REG
4,17-Aug-26,Renegades,4,Sockeyes,3,Division 5B,Division 5B,OT
4,17-Aug-26,Dirty Couch Hockey Club,2,Honey Badgers,5,Division 6A,Division 6A,REG
4,17-Aug-26,Wolves,8,Greasy Weasels,2,Division 4C,Division 4C,REG
4,17-Aug-26,WKUTP-5,5,Dead Rabbits,2,Division 5A,Division 5A,REG
4,17-Aug-26,Stingers,3,Five Hole Fiends,4,Division 5C,Division 5C,REG
,18-Aug-26,Los Tigres,2,LKI,3,Division 7A,Division 7A,REG
1,18-Aug-26,Flying Monkeys,1,PussyCats,2,Division 5D,Division 5D,REG
2,18-Aug-26,Monarchs 5,0,Black Katz,7,Division 5D,Division 5D,REG
3,18-Aug-26,Wranglers,6,Barrel Aged Brewzers,3,Division 6C,Division 6C,REG
3,18-Aug-26,Jokres,3,Monarchs 6,1,Division 6B,Division 6B,REG
3,18-Aug-26,40+ Advanced Falk,3,40+ Advanced Gritty Pylons,4,40+ Advanced Summer 2026,40+ Advanced Summer 2026,SO
4,18-Aug-26,40+ Advanced Bakers Dozen,4,40+ Advanced Tagami,7,40+ Advanced Summer 2026,40+ Advanced Summer 2026,REG
4,18-Aug-26,Blades,1,Mudflaps,0,Division 6C,Division 6C,REG
4,18-Aug-26,TP6/Fossils,3,Rainier Reindeer HC-6,2,Division 6B,Division 6B,SO
1,19-Aug-26,Night Owls,6,Steelhead,5,Division 4A,Division 4A,SO
1,19-Aug-26,Sabercats,2,Sasquatch,3,Division 3B,Division 3B,REG
1,19-Aug-26,Rhinos,7,Puckbuddies,3,Division 3A,Division 3A,REG
1,19-Aug-26,Hooligans,1,Kraken Up,4,Division 4B,Division 4B,REG
2,19-Aug-26,Maple Bars,2,Buck Wild,5,Division 4A,Division 4A,REG
2,19-Aug-26,Coconut Corgis,2,Shockers,3,Division 3B,Division 3B,SO
2,19-Aug-26,MMHC,6,The Herd,11,Division 3A,Division 3A,REG
2,19-Aug-26,Schilling Cider,2,Mighty Mallards,3,Division 4B,Division 4B,REG
3,19-Aug-26,40+ Geri Hat Tricks (4),4,40+ Puck Dynasty (1),5,40+ Summer Silver 2026,40+ Summer Silver 2026,SO
4,19-Aug-26,40+ Carl''s Seniors (6),4,40+ Red Flags (2),7,40+ Summer Silver 2026,40+ Summer Silver 2026,REG
,20-Aug-26,Spicy Kittens HC-8,4,Seal Team Sticks,3,Division 8A,Division 8A,REG
,20-Aug-26,Spicy Kittens HC-9,3,Purple Puck Eaters,8,Division 9B,Division 9B,REG
1,20-Aug-26,Seattle Supernova,2,Falcons,10,Division 1,Division 1,REG
1,20-Aug-26,Fighting Narwhals,1,Northwest Crabs,5,Division 2,Division 2,REG
2,20-Aug-26,ESB,1,NW Stars,3,Division 1,Division 1,REG
2,20-Aug-26,Red Dog,1,Mavericks,5,Division 2,Division 2,REG
3,20-Aug-26,Pheasants,2,Chiefs,7,Division 2,Division 2,REG
4,20-Aug-26,The Mighty Geoducks,1,The Brigade,5,Division 2,Division 2,REG
1,23-Aug-26,LKI,3,Fluffy Bunnies,7,Division 7A,Division 7A,REG
1,23-Aug-26,BLU Bombers,1,Roughnecks Mobile Infantry,0,Division 7B,Division 7B,REG
1,23-Aug-26,Glow Sticks,2,Spicy Kittens HC-8,4,Division 8A,Division 8A,REG
1,23-Aug-26,Hungry Hatchlings,0,SEA Cucumbers,5,Division 8B,Division 8B,REG
1,23-Aug-26,Yacht Flippers,1,Blackbirds,3,Division 9A,Division 9A,REG
1,23-Aug-26,Red Zeppelin,8,Spicy Kittens HC-9,4,Division 9B,Division 9B,REG
1,23-Aug-26,Banana Guardians,1,Ice Breakers,6,Division 10A,Division 10A,REG
1,23-Aug-26,Galactic Penguins,7,Mad Hat Tricks,1,Division 10B,Division 10B,REG
2,23-Aug-26,Iced Awesome,4,Los Tigres,5,Division 7A,Division 7A,REG
2,23-Aug-26,Seattle Seals,6,Lagooners,3,Division 7B,Division 7B,REG
2,23-Aug-26,Seal Team Sticks,2,Pond Pigeons,3,Division 8A,Division 8A,REG
2,23-Aug-26,Purple Reign,3,Toe Dragons,2,Division 8B,Division 8B,SO
2,23-Aug-26,Fighting Clams,4,Orange Crush,6,Division 9A,Division 9A,REG
2,23-Aug-26,Gremlins Hockey,1,Tropical Punchers,7,Division 9B,Division 9B,REG
2,23-Aug-26,Doom Clouds/Golden Mules,4,Beer Dragons,3,Division 10A,Division 10A,SO
2,23-Aug-26,Redrum,1,Rip-Its,3,Division 10B,Division 10B,REG
3,23-Aug-26,PussyCats,1,The Seals,9,Division 5D,Division 5D,REG
3,23-Aug-26,Real Bacon,0,Hampton West Hockey Club,3,Division 6D,Division 6D,REG
4,23-Aug-26,Black Katz,1,Highlanders,3,Division 5D,Division 5D,REG
4,23-Aug-26,Not Sure 6,4,Chucklepucks,3,Division 6D,Division 6D,REG
5,23-Aug-26,Blades,1,Wranglers,4,Division 6C,Division 6C,REG
5,23-Aug-26,Honey Badgers,5,Brewzers OGB,6,Division 6A,Division 6A,SO
5,23-Aug-26,TP6/Fossils,1,Jokres,6,Division 6B,Division 6B,REG
3,24-Aug-26,Kraken Up,3,LLUA,4,Division 4B,Division 4B,OT
4,24-Aug-26,Mighty Mallards,3,Edible Arrangements,5,Division 4B,Division 4B,REG
5,24-Aug-26,Renegades,1,Ice-O-Topes,3,Division 5B,Division 5B,REG
5,24-Aug-26,Wolves,1,Skeletons,7,Division 4C,Division 4C,REG
5,24-Aug-26,Five Hole Fiends,3,Yetis,1,Division 5C,Division 5C,REG
5,24-Aug-26,WKUTP-5,0,BSOD,1,Division 5A,Division 5A,REG
3,25-Aug-26,Rhinos,1,Boozin Cougs,0,Division 3A,Division 3A,REG
3,25-Aug-26,Fluffy Bunnies,4,Quacken,0,Division 7A,Division 7A,REG
3,25-Aug-26,BLU Bombers,5,Nordekes,3,Division 7B,Division 7B,REG
3,25-Aug-26,Falcons,6,Minner''s Minions,5,Division 1,Division 1,REG
3,25-Aug-26,Night Owls,2,Screaming Eagles,3,Division 4A,Division 4A,REG
3,25-Aug-26,Sasquatch,3,Goal Diggers,1,Division 3B,Division 3B,REG
4,25-Aug-26,The Herd,9,Eagles,8,Division 3A,Division 3A,REG
4,25-Aug-26,Buck Wild,4,Skateful Dead,0,Division 4A,Division 4A,REG
4,25-Aug-26,Los Tigres,1,Birrds,4,Division 7A,Division 7A,REG
4,25-Aug-26,NW Stars,0,ALTP,3,Division 1,Division 1,REG
4,25-Aug-26,Shockers,3,Chinooks,1,Division 3B,Division 3B,REG
5,25-Aug-26,Mavericks,3,Northwest Crabs,4,Division 2,Division 2,OT
6,25-Aug-26,The Brigade,4,Chiefs,3,Division 2,Division 2,REG
3,26-Aug-26,Spicy Kittens HC-8,2,Blackouts,1,Division 8A,Division 8A,REG
3,26-Aug-26,Red Zeppelin,2,Rainier Reindeers HC-9,5,Division 9B,Division 9B,REG
3,26-Aug-26,SEA Cucumbers,0,Pythons,4,Division 8B,Division 8B,REG
3,26-Aug-26,Blackbirds,3,Khaos,4,Division 9A,Division 9A,REG
3,26-Aug-26,40+ Assisted Living,4,40+ Mid-Ice Crisis,0,40+ Summer Gold 2026,40+ Summer Gold 2026,REG
3,26-Aug-26,Galactic Penguins,2,The Axolotls,1,Division 10B,Division 10B,REG
4,26-Aug-26,Seattle Seals,4,Seattle Dogs,2,Division 7B,Division 7B,REG
4,26-Aug-26,40+ Rusty Blades,4,40+ Gritty Pylons,2,40+ Summer Gold 2026,40+ Summer Gold 2026,REG
4,26-Aug-26,Orange Crush,4,Mighty Moose,1,Division 9A,Division 9A,REG
4,26-Aug-26,Tropical Punchers,5,Purple Puck Eaters,6,Division 9B,Division 9B,SO
4,26-Aug-26,Pond Pigeons,6,Spittin'' Llamas,0,Division 8A,Division 8A,REG
4,26-Aug-26,Rip-Its,8,Maelstrom,0,Division 10B,Division 10B,REG
4,26-Aug-26,Purple Reign,1,Seattle Slapshots,4,Division 8B,Division 8B,REG
5,26-Aug-26,40+ Red Flags (2),0,40+ Puck Dynasty (1),9,40+ Summer Silver 2026,40+ Summer Silver 2026,REG
6,26-Aug-26,40+ Coldtimers (3),2,40+ Old Navy (5),3,40+ Summer Silver 2026,40+ Summer Silver 2026,REG
7,26-Aug-26,40+ Carl''s Seniors (6),1,40+ Geri Hat Tricks (4),7,40+ Summer Silver 2026,40+ Summer Silver 2026,REG
5,27-Aug-26,Buck Wild,5,Screaming Eagles,4,Division 4A,Division 4A,SO
5,27-Aug-26,Shockers,2,Sasquatch,3,Division 3B,Division 3B,REG
5,27-Aug-26,ALTP,9,Falcons,6,Division 1,Division 1,REG
5,27-Aug-26,The Herd,1,Rhinos,7,Division 3A,Division 3A,REG
5,27-Aug-26,Edible Arrangements,0,LLUA,3,Division 4B,Division 4B,REG
7,27-Aug-26,The Brigade,3,Northwest Crabs,4,Division 2,Division 2,SO
3,30-Aug-26,Doom Clouds/Golden Mules,0,Ice Breakers,7,Division 10A,Division 10A,REG
5,30-Aug-26,Highlanders,0,The Seals,3,Division 5D,Division 5D,REG
5,30-Aug-26,Orange Crush,2,Khaos,5,Division 9A,Division 9A,REG
5,30-Aug-26,Purple Puck Eaters,3,Rainier Reindeers HC-9,4,Division 9B,Division 9B,REG
5,30-Aug-26,Rip-Its,3,Galactic Penguins,1,Division 10B,Division 10B,REG
5,30-Aug-26,Seattle Seals,4,BLU Bombers,2,Division 7B,Division 7B,REG
5,30-Aug-26,Birrds,1,Fluffy Bunnies,4,Division 7A,Division 7A,REG
5,30-Aug-26,Seattle Slapshots,2,Pythons,1,Division 8B,Division 8B,OT
5,30-Aug-26,Not Sure 6,1,Hampton West Hockey Club,3,Division 6D,Division 6D,REG
5,30-Aug-26,Pond Pigeons,1,Spicy Kittens HC-8,2,Division 8A,Division 8A,SO
